881261,ЦСКА,6,1,1,0,0,2,6,29,31,35,6,34,27,65.23,67.88,14:18,18:35,Металлург Мг,2
881266,ХК Сочи,0,0,0,0,0,2,2,22,36,4,4,31,29,68.92,68.77,15:24,15:40,Сибирь,2
881265,Спартак,3,0,2,0,0,5,5,28,32,10,10,29,30,69.03,67.48,17:3,17:8,Амур,2
881264,Куньлунь РС,3,3,1,0,0,5,7,40,17,16,12,22,30,60.19,66.73,12:16,20:22,Адмирал,1
881263,Трактор,2,1,2,0,0,2,3,24,20,6,4,30,18,69.34,68.03,19:51,16:0,Северсталь,4
881262,Автомобилист,4,1,1,1,0,4,3,35,25,6,8,26,20,69.85,69.48,16:20,17:19,Локомотив,2
881272,Динамо Мн,3,0,1,0,0,5,3,30,41,8,12,31,25,72.71,71.37,20:54,15:22,Барыс,3
881271,ЦСКА,5,2,1,0,0,7,2,42,27,6,16,37,23,68.77,66.48,21:28,12:33,Нефтехимик,4
881270,СКА,3,1,0,0,0,5,5,35,21,16,16,40,28,68.21,68.60,15:44,20:27,Салават Юлаев,2
881269,Динамо М,2,0,0,0,0,4,2,25,23,4,8,25,24,70.01,69.20,14:20,17:26,Ак Барс,0
881268,Витязь,3,0,1,0,0,0,3,25,23,8,2,22,39,66.53,68.16,15:18,20:6,Авангард,2
881267,Торпедо,4,2,1,1,0,4,5,26,37,10,8,32,57,72.67,67.97,18:34,15:16,Металлург Мг,5
881277,ХК Сочи,1,0,2,0,0,7,5,25,41,10,14,28,29,65.09,61.13,19:23,13:24,Адмирал,4
881276,Спартак,1,0,0,0,0,3,5,35,29,12,8,22,31,67.79,70.24,13:33,20:33,Сибирь,0
881275,Куньлунь РС,0,0,0,0,0,3,6,34,29,12,6,33,23,68.69,66.63,16:37,17:1,Амур,2
881274,Трактор,0,0,2,0,0,4,2,17,19,4,8,24,26,70.20,66.93,20:8,14:5,Локомотив,4
881273,Автомобилист,4,2,2,0,1,6,5,37,22,12,12,29,27,66.25,66.91,16:55,18:34,Северсталь,3
881282,Динамо Мн,6,3,2,0,0,5,3,27,38,6,10,40,31,69.43,68.06,16:40,17:10,Авангард,3
881281,ЦСКА,1,1,0,0,0,3,2,28,30,4,6,31,30,67.46,68.28,13:36,18:23,Ак Барс,5
881280,СКА,3,1,0,0,0,3,1,40,25,2,6,36,19,68.06,66.69,18:20,12:39,Барыс,1
881279,Динамо М,6,0,1,0,0,5,4,43,22,10,10,35,25,68.17,66.70,17:41,14:2,Нефтехимик,1
881278,Витязь,3,1,0,0,0,1,3,31,27,6,2,12,39,66.00,69.46,12:55,19:55,Салават Юлаев,2
881287,Спартак,2,2,1,0,0,3,3,34,26,6,6,34,32,65.82,64.86,16:50,15:59,Адмирал,1
881286,Торпедо,6,1,0,0,0,4,4,31,24,8,8,39,23,74.02,70.29,19:22,13:28,Амур,1
881285,Куньлунь РС,1,1,0,0,1,6,3,28,29,37,41,17,31,73.87,70.98,20:46,18:56,Сибирь,1
881284,Трактор,4,1,1,0,0,3,2,24,24,6,8,28,21,73.18,71.33,18:55,15:56,Автомобилист,3
881283,Металлург Мг,3,1,2,0,0,2,4,27,19,8,4,24,37,65.99,71.41,12:45,25:37,Северсталь,4
881292,Динамо Мн,2,2,3,0,1,6,7,39,21,41,16,29,28,64.11,67.38,14:16,20:52,Салават Юлаев,4
881291,ХК Сочи,2,0,0,0,0,3,2,33,32,4,6,39,37,68.65,66.74,16:59,13:46,Динамо М,4
881290,СКА,4,2,0,0,0,6,7,38,27,14,15,24,34,63.23,62.91,17:4,16:35,Авангард,1
881289,Витязь,5,3,0,0,0,4,9,34,32,22,14,35,34,62.54,66.89,13:9,20:43,Барыс,0
881288,Локомотив,4,1,0,0,0,4,6,31,19,12,8,36,34,67.12,67.97,19:54,15:6,Нефтехимик,3
881295,Торпедо,7,4,0,0,0,14,5,24,41,10,28,41,25,73.61,63.27,21:44,12:35,Автомобилист,3
881294,Ак Барс,2,0,1,0,0,3,6,34,22,12,6,27,35,70.29,67.35,21:56,15:38,Адмирал,1
881293,Металлург Мг,4,1,1,0,0,1,2,32,35,4,2,30,35,69.30,71.45,16:51,18:13,Амур,5
881301,ХК Сочи,6,1,0,0,0,2,2,23,42,4,4,29,39,65.69,69.91,13:49,18:17,Барыс,3
881300,СКА,4,1,0,0,0,6,3,31,30,8,14,26,21,66.93,65.74,19:4,13:36,Динамо М,1
881299,Витязь,4,2,1,0,0,5,6,23,34,12,10,22,30,66.97,65.88,17:15,18:57,Локомотив,3
881298,Северсталь,4,1,0,0,0,6,3,25,38,6,12,29,23,64.94,64.19,19:27,14:54,ЦСКА,1
881297,Салават Юлаев,3,1,0,0,0,8,1,31,26,2,16,37,17,68.13,62.94,22:36,13:18,Трактор,2
881296,Сибирь,4,4,0,0,0,7,3,37,23,8,35,43,31,68.56,65.18,22:57,12:9,Куньлунь РС,0
881303,Нефтехимик,1,1,1,0,0,6,3,43,29,10,16,35,32,68.14,66.02,16:40,17:0,Динамо Мн,5
881302,Металлург Мг,2,0,0,0,0,1,1,30,22,2,2,28,22,72.54,74.10,17:3,18:49,Спартак,1
881307,Локомотив,2,0,1,0,0,2,2,40,12,4,4,32,22,71.24,69.18,18:42,12:26,ЦСКА,3
881306,Автомобилист,4,2,1,0,0,5,2,28,26,4,10,33,34,67.15,67.15,18:8,16:1,Авангард,2
881305,Сибирь,2,0,0,0,0,3,4,20,37,8,6,32,25,69.42,68.26,18:49,21:21,Трактор,2
881304,Адмирал,3,1,0,0,0,4,3,24,22,13,15,28,23,65.51,68.52,15:27,16:17,Куньлунь РС,1
881312,Витязь,0,0,1,0,0,3,3,23,30,16,6,17,27,67.24,65.83,16:56,14:57,Динамо М,2
881311,Северсталь,1,0,1,0,1,5,2,23,33,6,12,22,24,66.79,63.10,21:28,13:46,СКА,4
881310,Нефтехимик,2,1,0,0,0,4,3,31,24,8,10,42,22,68.00,69.77,16:41,15:39,Торпедо,3
881309,Ак Барс,2,0,0,0,1,6,2,26,22,4,12,27,31,70.60,66.44,20:30,12:34,Динамо Мн,3
881308,Салават Юлаев,1,0,1,0,0,4,1,30,29,2,31,38,25,68.79,65.42,21:38,11:41,Спартак,3
881315,Барыс,3,1,1,0,0,1,2,16,28,4,2,20,29,67.21,70.15,10:11,22:24,Трактор,1
881314,Сибирь,2,0,1,2,0,3,5,22,41,10,6,15,33,69.43,70.11,18:54,19:20,Авангард,2
881313,Амур,2,0,0,0,0,7,4,29,31,8,14,24,27,66.25,66.11,18:9,15:14,Куньлунь РС,1
881321,ЦСКА,4,1,0,0,0,4,3,55,20,6,8,52,22,66.76,65.37,16:22,15:14,Витязь,2
881320,Динамо М,2,0,0,0,0,3,1,33,26,4,8,29,18,68.73,67.93,17:20,13:22,ХК Сочи,0
881319,Северсталь,5,0,1,0,0,7,4,21,27,10,39,32,23,66.17,65.59,19:38,16:40,Динамо Мн,2
881318,Локомотив,2,0,2,0,0,4,6,46,22,35,10,36,29,65.98,67.53,17:31,15:43,СКА,3
881317,Ак Барс,2,0,1,0,0,4,3,30,32,8,10,29,28,66.86,70.87,15:31,16:1,Торпедо,1
881316,Автомобилист,4,1,1,0,0,3,2,29,20,4,6,33,30,68.01,70.33,16:59,18:30,Спартак,1
881324,Барыс,5,0,0,0,0,2,0,20,33,0,4,35,33,68.98,70.09,14:45,17:16,Авангард,3
881323,Амур,0,0,1,0,0,2,2,24,26,4,4,36,30,68.22,68.46,17:15,15:25,Металлург Мг,3
881322,Адмирал,2,1,0,0,0,3,4,35,19,11,8,29,32,66.07,70.31,12:9,20:15,Салават Юлаев,0
881331,Динамо Мн,2,0,0,0,2,6,6,25,31,14,14,17,31,66.15,67.69,13:12,20:57,Ак Барс,3
881330,Спартак,1,1,1,0,0,7,7,29,19,14,14,22,28,64.79,70.18,15:29,19:34,Торпедо,2
881329,Динамо М,2,0,0,0,0,1,1,29,20,2,2,25,19,68.28,69.04,14:24,15:22,СКА,3
881328,Куньлунь РС,3,0,0,0,0,3,4,38,26,22,30,36,40,68.16,68.87,15:13,18:38,ХК Сочи,1
881327,Трактор,4,1,0,0,0,2,5,27,24,10,4,22,36,64.45,69.97,16:34,17:52,Нефтехимик,0
881326,Автомобилист,5,2,2,0,0,5,4,35,22,8,10,29,37,66.82,69.51,16:21,18:33,Сибирь,2
881325,Барыс,2,0,1,0,0,3,1,28,23,2,6,25,26,70.14,66.73,19:48,13:38,Авангард,5
881334,Локомотив,0,0,0,0,0,3,3,38,23,8,8,42,19,69.65,71.95,20:41,15:29,Витязь,0
881333,Амур,2,1,0,0,0,3,1,33,31,2,6,30,31,70.04,69.25,18:40,13:52,Металлург Мг,3
881332,Адмирал,2,1,1,0,0,3,5,34,25,12,8,24,29,65.90,67.32,15:52,19:35,Салават Юлаев,1
881339,ЦСКА,5,0,0,0,0,1,3,40,23,31,7,35,27,68.20,68.46,15:45,14:44,ХК Сочи,2
881338,Спартак,1,1,0,0,0,7,6,27,33,16,18,25,29,65.68,64.51,14:59,20:20,Ак Барс,4
881337,СКА,1,0,0,0,0,1,4,31,16,8,2,32,21,68.90,69.15,15:40,20:6,Северсталь,1
881336,Автомобилист,4,4,1,0,0,7,6,49,16,12,14,30,39,65.85,70.14,16:31,19:0,Нефтехимик,3
881335,Барыс,2,0,0,0,0,2,1,24,21,2,4,20,23,71.23,71.33,14:52,18:54,Сибирь,0
881344,Динамо М,1,1,1,0,0,4,4,24,34,8,8,21,29,65.33,65.94,14:49,18:52,Локомотив,3
881343,Торпедо,1,1,0,0,0,2,2,24,30,8,8,36,33,79.21,74.33,21:26,15:13,Витязь,1
881342,Трактор,1,0,2,0,0,3,3,31,23,6,6,14,21,70.57,68.14,21:0,12:48,Авангард,3
881341,Амур,0,0,0,0,0,4,2,30,21,4,8,19,30,70.12,68.43,18:58,13:36,Салават Юлаев,2
881340,Адмирал,0,0,1,0,0,3,4,32,30,8,6,32,29,68.11,65.92,17:27,15:4,Металлург Мг,2
881348,Динамо Мн,3,0,1,0,0,3,5,24,27,10,6,17,27,63.88,66.69,15:27,18:37,Северсталь,2
881347,Куньлунь РС,2,0,1,0,0,2,4,32,26,8,4,23,45,66.93,70.76,11:38,20:36,ЦСКА,1
881346,Барыс,2,1,0,0,0,4,4,23,24,10,29,24,36,66.33,66.81,13:36,20:37,Автомобилист,0
881345,Сибирь,3,0,1,0,0,3,2,31,22,6,8,16,20,68.06,69.03,17:24,15:30,Нефтехимик,2
881354,ХК Сочи,1,0,2,0,0,5,4,25,29,8,10,30,24,70.79,62.01,21:8,12:34,Авангард,4
881353,Витязь,1,0,0,0,0,3,2,23,28,4,6,30,33,70.87,66.90,15:54,15:32,Локомотив,2
881352,Торпедо,4,0,1,0,0,4,7,28,34,14,8,38,35,70.53,65.32,16:30,18:2,Трактор,3
881351,Ак Барс,0,0,0,0,0,3,3,37,17,6,6,34,30,70.24,68.40,21:0,13:2,Спартак,2
881350,Амур,2,0,0,0,0,2,3,31,30,8,6,29,40,71.74,71.58,18:54,17:21,Салават Юлаев,2
881349,Адмирал,1,1,0,0,0,4,3,29,39,8,10,24,24,67.24,66.84,16:24,17:23,Металлург Мг,3
881358,Динамо Мн,3,1,0,0,0,6,3,22,40,11,17,34,32,64.72,65.40,16:47,15:3,ЦСКА,1
881357,Северсталь,1,0,0,0,0,8,3,31,27,8,18,26,27,65.10,58.55,24:9,9:23,Динамо М,3
881356,Куньлунь РС,3,1,3,0,0,4,5,32,27,14,33,30,42,64.73,67.55,14:22,20:8,СКА,6
881355,Сибирь,3,2,1,0,0,4,5,25,42,10,8,34,28,66.74,65.88,15:17,17:53,Автомобилист,5
881361,ХК Сочи,0,0,0,0,0,6,3,21,36,6,12,25,29,66.73,62.22,17:21,16:40,Спартак,1
881360,Торпедо,4,2,1,0,0,3,5,31,31,10,25,30,33,71.53,67.84,17:47,14:50,Авангард,2
881359,Нефтехимик,3,0,1,0,0,2,3,27,32,6,4,46,24,69.38,65.55,17:56,16:16,Трактор,5
881366,СКА,1,0,1,0,0,2,3,38,24,6,4,31,31,68.38,67.99,18:47,15:14,Динамо М,1
881365,Северсталь,5,2,1,0,0,5,2,31,24,4,10,31,12,67.00,67.78,18:36,15:12,Барыс,2
881364,Локомотив,2,0,0,0,0,3,2,27,25,4,6,24,27,68.01,69.18,16:57,17:13,Адмирал,1
881363,Салават Юлаев,2,1,1,0,0,5,4,33,22,12,12,27,31,69.77,69.61,19:30,18:54,Динамо Мн,2
881362,Металлург Мг,4,2,0,0,0,4,3,32,27,6,8,40,20,71.09,68.28,22:23,14:2,Куньлунь РС,0
881370,ХК Сочи,1,1,1,0,0,3,3,26,33,6,6,26,35,69.44,70.07,14:10,19:17,Амур,2
881369,Витязь,4,1,2,0,0,3,3,35,33,8,8,29,27,72.63,68.05,19:55,15:2,Сибирь,5
881368,Нефтехимик,2,0,2,0,0,4,6,29,27,12,8,41,29,68.30,65.55,20:12,14:42,Авангард,3
881367,Ак Барс,3,2,1,0,0,5,2,28,28,4,10,29,26,67.75,67.28,16:16,14:51,Трактор,2
881376,ЦСКА,3,0,0,0,1,4,2,36,31,16,17,39,32,68.36,67.35,17:59,15:16,Спартак,2
881375,СКА,3,1,0,0,0,4,3,36,19,6,10,26,18,69.50,72.67,16:11,15:22,Торпедо,0
881374,Северсталь,1,1,0,0,0,7,1,27,26,8,22,31,23,70.68,66.57,26:44,15:16,Адмирал,1
881373,Локомотив,0,0,0,0,0,3,1,28,16,2,6,32,17,72.35,71.23,23:26,15:13,Барыс,0
881372,Металлург Мг,4,1,0,0,0,4,2,29,25,6,10,36,29,70.20,71.26,15:53,18:6,Динамо Мн,1
881371,Автомобилист,6,5,1,0,0,10,2,35,24,4,20,43,19,68.36,64.85,23:16,12:5,Куньлунь РС,1
881380,Динамо М,4,1,0,0,0,1,0,39,25,0,2,31,20,70.70,71.25,15:28,15:33,Авангард,1
881379,Витязь,3,1,0,0,0,5,2,28,25,4,10,29,25,68.79,66.30,18:16,14:23,Амур,1
881378,Нефтехимик,2,0,0,0,0,6,2,31,20,4,12,38,24,69.66,66.20,19:17,16:8,Сибирь,1
881377,Салават Юлаев,0,0,2,0,0,4,4,24,31,33,10,29,27,68.30,67.38,15:19,20:21,Ак Барс,3
881385,ХК Сочи,3,1,0,0,0,4,3,22,41,6,8,21,35,64.20,67.98,12:12,20:22,Динамо Мн,1
881384,Спартак,1,0,1,0,0,2,4,28,26,10,6,38,22,70.19,69.72,18:32,16:27,Барыс,3
881383,СКА,6,0,1,0,0,7,7,30,32,19,19,25,24,65.33,63.82,18:55,16:52,Адмирал,1
881382,Локомотив,1,1,0,0,0,2,4,44,23,8,4,29,27,68.67,73.75,14:42,18:27,Торпедо,3
881381,Трактор,3,2,0,0,0,4,3,34,22,6,8,36,21,68.16,67.30,22:47,13:37,Куньлунь РС,1
881388,ЦСКА,1,0,0,0,0,3,3,32,22,6,6,39,19,70.28,68.25,18:32,15:24,Сибирь,3
881387,Динамо М,5,1,0,0,0,2,3,32,21,8,6,33,22,67.45,69.16,15:36,19:7,Амур,0
881386,Автомобилист,5,0,0,0,0,2,1,35,28,4,6,24,41,67.47,70.49,14:34,19:7,Ак Барс,2
881393,Спартак,4,0,1,1,0,4,3,26,37,8,10,30,29,68.16,72.38,14:16,18:44,Торпедо,3
881392,Витязь,2,0,1,0,0,2,4,31,28,8,4,27,36,74.90,73.38,19:47,18:52,Адмирал,2
881391,Локомотив,5,3,2,0,0,5,5,39,16,10,10,38,20,64.57,65.05,19:48,16:14,Северсталь,3
881390,Трактор,0,0,1,0,0,3,3,28,19,6,6,25,26,70.11,67.44,21:38,15:29,Салават Юлаев,3
881389,Металлург Мг,5,0,2,0,0,2,3,26,28,8,6,34,24,72.12,69.23,21:17,16:5,Нефтехимик,6
881397,Динамо Мн,1,0,0,0,1,3,2,26,30,9,11,29,28,67.66,68.07,15:45,16:33,СКА,5
881396,Куньлунь РС,4,0,1,0,0,2,4,26,33,8,4,28,41,72.82,75.37,17:1,21:33,ЦСКА,4
881395,Ак Барс,3,1,0,0,1,6,3,38,28,6,12,45,24,71.14,67.50,22:48,13:0,Амур,2
881394,Авангард,2,2,1,0,0,6,4,35,19,10,14,27,16,69.61,66.89,20:41,15:29,Сибирь,1
881402,Спартак,1,1,0,0,0,4,1,42,21,2,8,41,24,70.66,66.77,19:32,13:31,Витязь,5
881401,Динамо М,4,1,2,0,0,3,3,28,23,10,10,35,31,66.27,66.73,15:53,17:14,Северсталь,3
881400,Трактор,1,0,0,0,0,3,2,32,25,4,6,22,17,71.78,68.84,19:44,14:54,Нефтехимик,2
881399,Автомобилист,0,0,1,0,0,5,4,31,23,18,10,31,28,68.18,66.29,20:37,14:49,Салават Юлаев,4
881398,Барыс,5,2,0,0,0,5,3,34,22,6,10,45,20,70.92,67.96,19:6,15:36,ХК Сочи,4
881405,ЦСКА,2,2,0,0,0,5,4,28,31,8,10,43,29,67.69,66.75,17:29,17:40,СКА,3
881404,Торпедо,2,2,0,0,0,6,2,24,33,6,14,33,31,72.96,66.53,20:58,13:22,Динамо Мн,3
881403,Куньлунь РС,2,1,0,0,0,3,2,27,27,4,16,24,43,70.05,71.92,15:26,21:36,Динамо М,3
881412,Куньлунь РС,2,1,0,1,0,2,3,24,29,6,4,16,49,70.07,76.47,12:19,27:11,Северсталь,2
881411,Ак Барс,4,1,0,0,0,4,4,29,30,8,8,46,22,68.32,64.81,20:48,15:54,Автомобилист,5
881410,Трактор,2,1,0,0,0,2,3,22,37,29,6,29,29,69.25,68.25,17:58,15:55,Металлург Мг,5
881409,Салават Юлаев,5,1,0,0,0,4,2,32,32,6,10,27,31,67.52,67.87,17:53,18:23,Авангард,0
881408,Барыс,1,1,0,0,0,6,4,32,23,8,12,29,26,66.15,63.84,18:25,14:54,Нефтехимик,2
881407,Сибирь,1,1,1,0,0,3,4,20,27,30,6,17,28,64.41,64.00,16:13,20:10,Локомотив,2
881406,Адмирал,2,0,1,0,0,1,1,36,28,2,2,30,25,71.33,68.09,21:34,11:36,ХК Сочи,4
881414,Динамо Мн,3,2,0,0,1,5,4,36,33,8,10,35,30,65.19,65.50,19:8,13:40,Витязь,5
881413,Спартак,1,0,0,0,0,1,4,32,29,8,2,27,45,66.46,69.44,12:34,21:21,СКА,5
881421,Торпедо,3,0,0,0,0,3,3,25,33,8,6,40,32,72.39,69.57,20:7,15:26,Барыс,1
881420,Нефтехимик,2,0,0,0,0,1,2,21,37,4,2,26,41,71.99,73.54,16:42,18:25,Динамо М,2
881419,Ак Барс,1,1,0,0,0,5,4,23,34,33,12,46,30,69.12,67.14,23:0,16:31,Автомобилист,2
881418,Салават Юлаев,2,2,1,0,0,4,3,30,24,27,10,35,26,69.10,67.93,20:57,16:17,Металлург Мг,3
881417,Сибирь,0,0,0,0,0,6,2,19,27,8,16,21,21,65.67,64.40,19:29,14:31,ЦСКА,3
881416,Амур,4,1,1,0,0,4,3,39,28,8,10,44,32,66.52,65.30,17:11,15:13,ХК Сочи,3
881415,Адмирал,2,0,0,0,0,0,2,17,30,4,0,26,35,70.66,70.64,15:29,20:59,Локомотив,2
881424,СКА,4,1,0,0,0,6,2,40,30,6,14,37,30,66.68,63.42,20:1,12:24,Витязь,3
881423,Северсталь,2,0,2,0,1,5,4,33,28,8,10,29,30,68.39,65.88,21:19,14:37,Спартак,4
881422,Куньлунь РС,3,0,0,0,0,3,3,11,25,6,6,21,44,69.79,69.68,15:47,22:15,Трактор,2
881431,Нефтехимик,4,1,2,0,0,4,4,37,28,17,17,36,39,64.06,66.01,15:3,18:17,Автомобилист,3
881430,Ак Барс,2,1,1,0,0,2,3,25,30,6,4,25,33,68.26,66.45,22:8,10:40,Барыс,3
881429,Салават Юлаев,2,0,0,0,0,3,2,34,26,4,6,28,37,68.13,69.78,17:38,19:19,Динамо М,2
881428,Авангард,5,1,0,2,0,3,5,31,30,10,6,23,20,67.42,70.40,16:28,21:2,Металлург Мг,1
881427,Сибирь,3,1,0,0,0,5,3,31,23,8,37,35,26,66.25,64.60,19:51,14:16,ХК Сочи,0
881426,Амур,1,1,0,0,0,3,4,27,42,31,6,23,24,66.87,67.60,14:23,18:35,Локомотив,3
881425,Адмирал,1,1,2,0,0,2,3,16,34,6,4,27,31,69.77,68.00,16:51,16:43,ЦСКА,4
881435,Витязь,1,1,1,0,0,5,2,29,30,4,10,46,32,72.26,69.59,22:6,16:39,Спартак,1
881434,Торпедо,5,1,0,0,0,5,1,27,35,6,14,43,19,74.24,70.42,17:23,15:5,Динамо Мн,2
881433,Северсталь,3,1,0,0,0,3,2,27,27,4,6,30,27,71.44,68.76,21:15,17:37,Трактор,3
881432,Авангард,0,0,0,0,0,5,2,28,30,4,10,33,24,68.36,64.98,21:3,13:22,Куньлунь РС,4
881437,Металлург Мг,1,0,0,0,0,1,2,23,25,4,2,30,32,71.92,69.71,17:21,14:51,Динамо М,3
881436,Амур,2,0,1,0,0,5,5,25,42,12,12,27,45,68.79,71.12,14:34,19:53,ЦСКА,2
881443,Спартак,0,0,0,0,0,1,3,39,29,8,4,32,42,67.80,70.99,16:18,18:6,Витязь,1
881442,СКА,3,0,1,0,0,5,5,31,20,10,10,30,20,70.06,68.45,19:42,14:48,Динамо Мн,2
881441,Нефтехимик,0,0,0,0,0,4,3,24,30,6,8,24,32,68.94,67.21,17:33,16:6,Трактор,1
881440,Автомобилист,4,0,0,0,0,0,4,31,17,10,2,18,34,68.21,76.54,13:31,21:50,Торпедо,1
881439,Барыс,0,0,2,0,1,3,3,29,33,6,6,28,29,71.57,65.50,18:39,14:8,Куньлунь РС,5
881438,Сибирь,2,0,1,0,0,1,3,30,34,6,2,34,24,68.14,64.35,19:48,13:39,Адмирал,4
881445,Динамо М,1,1,0,0,0,2,6,37,14,12,4,37,26,68.16,71.04,16:4,22:4,Северсталь,1
881444,Металлург Мг,4,0,0,0,1,2,2,24,27,4,4,26,33,68.83,71.97,12:54,21:31,Ак Барс,1
881453,ХК Сочи,4,1,2,0,0,2,6,31,41,14,6,25,46,66.03,71.69,12:24,22:32,Нефтехимик,5
881452,Спартак,3,1,1,0,0,5,4,41,25,8,10,38,38,67.40,66.59,17:51,16:37,Динамо Мн,2
881451,Витязь,1,1,1,0,0,3,1,16,33,4,8,23,31,70.08,69.93,13:51,15:31,ЦСКА,2
881450,Локомотив,3,0,0,0,0,3,3,34,18,8,8,27,26,65.25,69.17,16:47,17:55,СКА,1
881449,Трактор,1,1,0,0,0,4,3,41,25,8,8,24,26,70.51,72.04,19:56,18:6,Сибирь,2
881448,Салават Юлаев,1,1,1,0,0,2,3,35,29,6,4,37,27,72.96,77.81,16:35,21:14,Торпедо,1
881447,Барыс,3,1,0,0,0,5,7,33,23,14,10,26,22,61.59,63.47,13:48,19:57,Адмирал,1
881446,Авангард,4,1,0,0,0,2,1,26,32,2,4,38,15,73.53,70.72,19:59,11:45,Амур,1
881455,Куньлунь РС,3,2,1,0,0,3,3,38,26,6,6,21,39,66.81,67.87,15:2,21:45,Северсталь,5
881454,Автомобилист,1,0,0,0,0,3,1,34,23,12,16,25,33,74.60,74.39,19:3,19:44,Ак Барс,1
881462,Динамо М,3,1,1,0,0,1,2,32,26,4,2,30,29,71.36,72.01,17:24,18:15,Сибирь,3
881461,Витязь,0,0,4,0,0,2,8,34,50,16,6,28,47,62.69,64.49,13:17,20:56,СКА,5
881460,Локомотив,3,1,0,0,0,6,5,40,21,10,12,21,27,69.00,70.96,17:11,17:47,Динамо Мн,2
881459,Салават Юлаев,4,2,0,0,0,6,4,39,30,8,12,26,29,66.84,67.54,19:42,17:17,Нефтехимик,0
881458,Металлург Мг,2,1,0,0,0,6,3,34,19,6,12,36,31,70.49,72.39,17:42,17:21,Торпедо,1
881457,Барыс,5,0,0,0,1,2,2,31,29,6,6,28,21,69.25,69.89,14:33,18:28,Амур,1
881456,Авангард,3,1,1,0,0,5,3,34,27,6,10,23,29,74.03,71.45,21:44,17:16,Адмирал,3
881465,ХК Сочи,1,0,0,0,0,1,3,30,26,6,2,25,17,67.38,67.58,14:20,16:57,Северсталь,2
881464,Куньлунь РС,3,0,0,0,0,2,2,25,28,8,8,17,37,68.74,72.45,14:38,21:24,Спартак,0
881463,Трактор,5,2,1,0,0,6,2,34,31,4,14,51,20,66.14,66.06,20:0,16:42,Ак Барс,2
881470,Динамо М,1,0,1,0,0,6,5,30,30,12,14,25,26,65.17,64.40,17:52,14:37,ЦСКА,3
881469,Нефтехимик,3,1,1,0,0,6,5,32,32,10,12,45,19,65.56,62.83,19:12,15:50,Сибирь,2
881468,Металлург Мг,7,0,1,1,1,5,2,32,24,4,10,34,38,68.77,70.75,17:38,18:36,Авангард,4
881467,Автомобилист,4,1,1,0,0,3,3,34,25,6,6,36,28,67.31,68.83,18:27,17:37,Амур,2
881466,Барыс,4,1,1,0,0,3,3,25,26,6,6,22,35,Торпедо,1,,,,
881474,Динамо Мн,5,0,0,0,1,6,7,34,29,14,12,28,27,66.01,65.82,19:39,15:29,ХК Сочи,3
881473,Спартак,2,1,0,0,1,2,2,35,19,4,4,42,25,71.73,69.08,19:1,15:49,Салават Юлаев,5
881472,Северсталь,3,0,0,0,0,1,3,27,31,6,2,21,33,70.70,69.67,18:39,19:1,Локомотив,4
881471,Адмирал,2,0,1,0,0,1,7,37,30,14,2,41,35,64.72,67.66,18:24,18:58,Витязь,2
881478,ЦСКА,5,3,1,0,0,7,4,37,31,10,16,43,24,68.12,64.73,20:21,14:46,Куньлунь РС,1
881477,СКА,3,1,0,0,0,2,1,25,35,4,6,36,31,67.75,64.65,18:17,14:44,Автомобилист,1
881476,Ак Барс,3,0,1,0,0,3,2,33,29,10,12,37,27,71.13,70.27,21:29,15:19,Металлург Мг,2
881475,Трактор,1,0,0,0,0,3,1,17,25,2,6,24,27,68.10,69.96,19:16,17:39,Авангард,0
881482,Динамо М,2,0,0,1,0,2,5,32,32,12,6,30,28,65.43,64.76,14:16,17:50,Локомотив,4
881481,Торпедо,4,1,0,0,0,4,2,24,25,4,8,36,25,75.01,68.66,22:45,12:21,ХК Сочи,1
881480,Северсталь,4,1,0,0,0,6,4,16,30,8,12,28,16,67.44,62.64,23:16,14:37,Салават Юлаев,5
881479,Амур,3,0,0,0,0,0,1,33,25,2,0,25,26,69.39,70.71,13:33,16:51,Витязь,2
881486,ЦСКА,4,0,1,0,0,1,3,26,32,6,2,28,29,70.68,71.15,15:9,17:42,Автомобилист,1
881485,СКА,3,0,0,0,0,3,2,29,24,9,11,21,16,67.38,68.62,18:57,13:35,Куньлунь РС,2
881484,Барыс,0,0,3,0,0,5,5,23,24,10,10,19,28,70.16,68.53,16:41,19:12,Металлург Мг,5
881483,Адмирал,1,0,0,0,0,2,1,31,23,2,4,29,22,71.32,72.65,19:4,17:49,Спартак,1
881489,Динамо Мн,5,0,0,0,1,5,2,17,32,11,17,26,19,67.76,63.37,19:2,14:54,Локомотив,2
881488,Ак Барс,2,1,1,0,0,2,5,20,27,10,4,32,22,67.36,66.85,18:58,16:26,Салават Юлаев,3
881487,Сибирь,3,2,0,0,0,6,3,41,22,6,12,33,28,68.87,69.90,19:35,18:1,Витязь,3
881494,ХК Сочи,2,1,0,0,0,5,2,32,35,4,10,24,32,71.45,66.23,18:12,14:48,Автомобилист,5
881493,Торпедо,3,2,0,0,0,3,5,29,35,14,12,46,25,74.62,70.55,20:56,14:0,Куньлунь РС,2
881492,Нефтехимик,4,0,0,0,0,2,2,36,34,6,6,34,34,67.27,68.71,17:55,15:47,Барыс,2
881491,Авангард,4,1,2,0,0,4,6,44,23,12,8,37,18,66.07,65.39,17:10,18:16,Северсталь,3
881498,,,,,,,,,,,,,,,,,,,,
881497,ЦСКА,5,0,0,0,0,2,3,35,28,11,9,29,23,67.84,68.27,16:16,17:12,Трактор,2
881496,СКА,4,1,1,0,0,4,6,28,39,12,8,21,31,65.25,64.69,16:10,16:54,Локомотив,3
881495,Металлург Мг,2,1,0,0,0,4,0,22,28,0,8,35,33,68.09,69.04,14:21,21:15,Ак Барс,1
881501,Авангард,6,0,0,0,0,2,3,28,28,8,6,28,18,69.55,67.75,21:3,14:1,Барыс,0
881500,Сибирь,4,1,0,1,0,4,3,25,34,6,8,29,32,64.17,67.61,15:59,19:44,Спартак,3
881499,Адмирал,1,0,0,0,0,1,5,26,31,10,12,32,38,67.21,71.47,13:48,24:58,Северсталь,1
881507,ХК Сочи,3,0,2,0,0,2,4,24,29,10,6,26,26,67.71,68.25,15:46,19:26,Трактор,4
881506,СКА,3,1,1,0,0,5,4,32,27,12,12,33,33,67.87,67.16,20:7,14:41,Нефтехимик,1
881505,Витязь,5,1,0,0,0,1,1,28,36,4,4,28,25,72.43,70.24,19:12,14:57,Куньлунь РС,3
881504,Торпедо,3,0,0,0,0,5,0,29,28,2,33,30,26,71.08,64.99,19:34,13:16,Динамо М,0
881503,Салават Юлаев,4,2,0,0,0,4,2,30,26,4,8,21,32,67.28,68.05,17:13,19:24,Ак Барс,1
881502,Металлург Мг,3,0,0,0,0,1,1,24,22,2,2,26,37,71.00,71.57,14:44,18:38,Автомобилист,0
881510,ЦСКА,2,1,0,0,0,5,4,42,17,8,10,33,16,67.43,67.84,16:17,16:36,Динамо Мн,1
881509,Сибирь,4,2,1,1,0,5,6,24,34,12,10,37,18,65.56,67.79,17:38,17:38,Барыс,3
881508,Амур,5,1,0,0,0,3,3,27,30,6,6,29,41,64.65,67.05,12:54,18:13,Северсталь,2
881515,Динамо М,3,1,1,0,0,3,3,27,28,8,8,31,36,72.66,72.01,18:7,17:54,СКА,3
881514,Локомотив,2,2,0,0,0,3,2,36,21,4,6,25,25,68.59,74.28,14:6,18:58,Торпедо,0
881513,Куньлунь РС,4,1,1,0,0,3,4,23,27,10,8,21,34,69.32,74.24,14:48,22:17,Нефтехимик,3
881512,Металлург Мг,4,1,1,0,0,3,2,25,25,4,6,27,29,70.50,71.33,18:0,18:12,Трактор,3
881511,Авангард,0,0,0,0,0,4,1,26,19,2,8,45,15,72.36,66.58,24:42,11:48,Адмирал,1
881518,Витязь,1,0,0,0,0,3,1,27,27,4,8,32,41,71.62,71.70,16:23,19:31,Динамо Мн,1
881517,Салават Юлаев,5,1,0,0,0,3,2,30,25,4,6,27,20,71.13,72.68,20:30,17:12,Барыс,1
881516,Сибирь,5,3,1,1,0,6,2,19,26,4,12,20,27,66.99,66.44,17:11,18:51,Северсталь,1
881525,ХК Сочи,0,0,1,0,1,4,4,19,36,10,10,26,46,67.95,67.98,17:25,16:7,ЦСКА,6
881524,Спартак,4,0,1,0,0,5,3,32,35,8,10,50,31,68.40,65.21,20:24,13:39,СКА,6
881523,Динамо М,4,1,1,1,1,2,4,29,26,10,6,29,26,67.81,73.29,13:3,18:41,Торпедо,2
881522,Куньлунь РС,2,0,0,0,0,3,1,22,29,4,8,24,23,69.28,68.91,17:39,18:26,Авангард,5
881521,Ак Барс,5,0,0,0,0,3,2,32,24,27,26,34,22,64.99,65.65,18:17,15:40,Нефтехимик,2
881520,Трактор,1,0,0,0,0,3,1,28,20,9,23,38,26,69.37,69.40,20:0,14:45,Амур,0
881519,Автомобилист,1,1,1,0,0,7,4,28,26,8,14,40,16,66.82,63.37,19:50,15:22,Адмирал,2
881526,Локомотив,1,0,0,0,0,2,2,28,26,4,4,33,26,68.37,69.46,18:30,15:48,Динамо Мн,0
881533,Спартак,2,0,2,0,0,3,4,27,32,8,6,32,24,73.57,68.10,21:6,13:41,Авангард,4
881532,Динамо М,4,0,0,0,0,2,4,31,16,8,4,29,25,68.28,70.93,15:16,19:21,Металлург Мг,1
881531,Витязь,1,0,0,1,0,2,2,39,16,4,4,39,41,69.88,71.96,14:58,17:55,Торпедо,3
881530,Ак Барс,2,1,2,0,0,1,4,30,31,28,2,23,24,66.59,68.06,15:30,16:2,ЦСКА,3
881529,Трактор,2,0,1,0,0,4,3,26,32,6,8,18,26,69.82,70.28,19:19,16:46,Адмирал,1
881528,Салават Юлаев,1,0,0,0,0,1,0,31,24,0,2,28,23,76.97,74.62,23:38,16:12,Амур,1
881527,Барыс,3,2,0,0,0,4,3,24,19,6,8,27,27,68.93,69.34,16:12,17:56,Сибирь,1
881535,СКА,5,3,0,0,0,6,4,51,32,8,12,40,28,68.60,64.94,19:11,12:58,ХК Сочи,2
881534,Куньлунь РС,2,2,0,0,1,4,5,30,33,10,8,21,47,67.10,70.35,11:55,23:50,Динамо Мн,3
881541,Нефтехимик,4,0,0,0,0,2,2,27,28,4,4,33,38,69.33,71.33,15:43,17:22,ЦСКА,3
881540,Локомотив,4,2,0,0,0,3,3,31,18,6,6,28,35,68.00,70.57,17:54,17:25,Металлург Мг,1
881539,Ак Барс,1,0,0,0,0,0,2,26,22,4,0,25,30,72.61,72.36,19:48,18:53,Салават Юлаев,1
881538,Автомобилист,4,0,1,0,0,4,5,38,26,10,8,33,28,69.01,70.24,17:31,18:57,Амур,2
881537,Барыс,1,0,2,0,0,3,5,25,26,12,8,28,20,69.21,66.33,17:13,17:6,Адмирал,4
881536,Авангард,3,2,0,0,0,5,4,39,19,8,10,33,28,67.95,67.40,20:5,18:37,Сибирь,2
881544,Спартак,1,0,0,0,0,5,1,33,29,10,16,49,27,70.45,62.74,25:4,11:17,Куньлунь РС,3
881543,Северсталь,4,1,1,0,0,5,4,41,26,8,33,49,17,71.40,59.06,28:28,11:40,ХК Сочи,4
881542,Трактор,2,1,1,0,0,3,3,26,28,6,6,26,27,64.76,65.14,19:39,14:48,Витязь,5
881548,СКА,4,0,0,0,0,3,1,32,32,9,10,32,32,68.71,68.42,18:9,15:53,Металлург Мг,3
881547,Торпедо,0,0,1,0,0,6,4,18,26,8,12,17,20,73.55,66.99,21:20,13:14,Локомотив,4
881546,Нефтехимик,2,1,0,1,0,3,4,31,36,10,8,25,24,67.78,67.96,17:25,17:50,Салават Юлаев,3
881545,Автомобилист,1,0,0,0,0,3,2,39,26,4,6,29,42,71.13,73.48,18:3,20:44,Сибирь,1
881552,Динамо Мн,4,1,0,0,0,4,3,40,27,6,8,39,28,73.57,67.77,24:21,14:16,ХК Сочи,3
881551,Северсталь,2,1,0,0,1,4,3,28,28,6,8,37,23,71.17,68.31,22:42,16:59,Ак Барс,3
881550,Авангард,3,1,0,0,0,1,2,37,22,4,2,26,17,67.59,70.27,14:48,17:43,Витязь,1
881549,Адмирал,2,1,0,0,0,5,2,24,35,6,12,22,42,62.98,65.50,14:11,17:5,Динамо М,1
881556,ЦСКА,2,1,0,0,0,4,5,24,31,10,8,37,22,68.87,66.70,19:52,17:15,Локомотив,2
881555,Торпедо,3,1,0,0,0,3,5,25,30,10,6,32,34,73.24,70.74,17:26,17:7,Спартак,1
881554,Куньлунь РС,1,0,2,0,0,1,2,23,28,4,2,34,16,71.49,69.49,15:5,20:16,Салават Юлаев,4
881553,Трактор,3,1,0,0,0,3,1,30,25,2,6,27,24,68.22,69.75,17:43,16:19,Сибирь,2
881561,Северсталь,2,0,1,0,0,3,4,28,37,10,8,26,30,67.08,65.96,19:21,17:35,Автомобилист,3
881560,Нефтехимик,4,0,1,0,1,5,4,24,37,10,12,37,24,69.14,70.57,17:5,23:3,Ак Барс,3
881559,Барыс,2,0,0,0,0,3,3,29,21,8,8,33,34,69.52,70.35,12:38,15:55,Витязь,3
881558,Амур,2,0,0,0,0,3,3,23,32,6,8,23,32,67.05,67.92,15:5,15:53,Динамо М,1
881557,Адмирал,3,0,0,0,0,2,3,23,36,6,4,29,47,62.65,67.50,11:19,20:46,СКА,1
881564,Динамо Мн,3,1,1,0,0,5,6,29,30,14,12,26,33,65.09,64.71,19:37,15:57,Спартак,2
881563,ХК Сочи,4,0,1,0,0,1,2,29,39,4,2,20,34,68.80,70.33,14:56,18:24,Локомотив,3
881562,Металлург Мг,2,2,0,0,0,6,2,32,23,6,14,40,27,68.48,65.01,22:20,15:36,Авангард,3
881570,Торпедо,6,2,2,1,0,2,5,31,40,10,4,25,31,71.30,68.04,15:48,18:42,Ак Барс,4
881569,Северсталь,3,1,0,1,0,6,3,28,31,6,12,21,29,65.39,68.28,19:28,16:34,Нефтехимик,0
881568,Куньлунь РС,1,1,1,0,0,4,3,29,28,8,10,32,32,70.20,68.29,17:15,20:19,Автомобилист,5
881567,Сибирь,5,0,2,0,0,8,6,29,33,14,16,32,29,60.87,62.20,17:46,18:45,Динамо М,3
881566,Амур,2,0,1,0,0,2,3,32,26,6,4,29,28,68.61,68.98,13:46,18:31,СКА,1
881565,Адмирал,3,0,0,0,0,1,2,20,33,4,2,24,34,64.94,72.00,11:0,24:14,Трактор,0
881574,Динамо Мн,2,1,1,0,0,5,5,18,43,12,12,19,21,63.85,63.35,17:33,13:56,Локомотив,1
881573,ЦСКА,1,1,0,0,0,2,1,34,29,2,4,44,25,71.35,68.33,19:19,12:30,Спартак,2
881572,Салават Юлаев,3,0,0,0,0,4,1,24,33,25,8,25,37,72.85,71.25,23:27,19:35,Авангард,3
881571,Металлург Мг,2,0,0,1,0,3,4,21,33,8,6,30,39,72.74,74.05,19:15,18:53,Барыс,2
881579,ХК Сочи,3,0,2,0,0,1,5,33,31,10,2,25,34,66.98,74.69,12:37,21:39,Торпедо,5
881578,Витязь,1,0,1,0,0,4,2,26,37,6,10,36,24,70.80,64.99,19:18,13:42,Автомобилист,4
881577,Куньлунь РС,7,2,1,1,0,4,7,34,30,14,8,33,27,67.38,69.72,15:34,21:40,Нефтехимик,4
881576,Сибирь,3,1,0,0,0,1,1,25,33,6,6,25,29,66.84,70.10,13:42,19:9,СКА,2
881575,Адмирал,1,0,0,0,0,5,4,23,32,10,12,24,33,62.55,63.70,15:50,17:28,Трактор,0
881582,ЦСКА,8,3,1,0,0,9,1,42,30,6,20,36,21,67.68,65.44,17:22,12:32,Динамо Мн,5
881581,Ак Барс,3,1,1,0,0,4,2,31,19,4,9,29,24,67.98,61.45,23:22,12:36,Авангард,4
881580,Салават Юлаев,0,0,0,0,0,3,2,31,18,4,6,26,15,72.90,67.31,24:47,11:13,Барыс,2
881587,Динамо М,2,1,2,0,0,4,5,44,25,12,10,33,14,72.56,74.83,18:22,18:15,Спартак,2
881586,Витязь,4,1,1,0,0,4,5,27,29,10,8,29,45,66.75,69.14,16:6,21:3,Нефтехимик,5
881585,Локомотив,2,0,2,0,0,1,3,34,15,6,2,26,26,68.06,70.69,17:28,18:20,Северсталь,3
881584,Куньлунь РС,0,0,1,0,0,3,6,22,23,14,8,15,38,65.37,72.42,12:18,23:59,Торпедо,5
881583,Амур,2,0,0,0,0,6,4,31,32,16,20,28,28,67.23,67.21,14:56,18:3,Трактор,0
881592,ЦСКА,2,0,0,0,0,5,4,24,22,8,10,32,19,66.00,62.85,19:27,12:28,Адмирал,0
881591,СКА,7,2,0,0,0,6,2,38,26,8,16,43,23,69.52,67.68,19:6,15:19,Динамо Мн,2
881590,Салават Юлаев,3,1,0,0,0,2,2,37,27,4,4,39,21,72.57,69.84,21:37,15:52,ХК Сочи,4
881589,Металлург Мг,4,1,1,1,0,3,3,32,28,6,6,25,34,68.69,71.19,16:24,19:17,Сибирь,2
881588,Автомобилист,2,0,0,0,0,2,3,32,20,6,4,32,31,69.24,71.09,18:17,18:21,Барыс,0
881595,Спартак,4,2,0,0,0,6,2,29,23,4,12,33,23,68.52,63.95,19:33,15:32,Северсталь,2
881594,Витязь,2,0,1,0,0,5,2,26,23,4,10,31,26,70.24,73.42,17:5,18:22,Торпедо,1
881593,Амур,2,0,0,0,0,2,5,16,41,10,4,36,33,69.01,69.14,18:17,18:11,Трактор,2
881601,Динамо Мн,1,1,0,0,0,3,1,30,26,2,6,42,33,72.36,69.37,21:35,15:42,Сибирь,2
881600,Динамо М,1,0,1,0,0,2,2,42,29,6,6,37,13,69.25,66.56,19:11,12:50,Адмирал,2
881599,Локомотив,2,2,2,0,0,5,3,34,22,8,12,35,18,72.93,70.72,22:57,14:46,Куньлунь РС,2
881598,Ак Барс,5,1,0,0,0,3,1,23,34,13,38,26,36,66.14,66.73,17:42,15:32,СКА,2
881597,Автомобилист,4,2,1,0,0,6,2,26,42,4,12,38,27,68.59,67.26,20:21,17:56,Металлург Мг,3
881596,Авангард,5,1,1,0,0,3,4,39,35,10,8,40,27,67.20,66.23,19:36,18:2,ХК Сочи,4
881603,Спартак,2,0,1,0,0,5,6,32,33,12,10,30,38,64.87,64.60,15:23,17:46,ЦСКА,4
881602,Торпедо,2,1,1,0,0,1,4,21,22,8,2,27,28,77.58,73.11,18:24,21:22,Северсталь,1
881611,Динамо Мн,3,0,3,0,0,3,4,41,23,8,6,49,16,73.11,68.26,23:53,14:6,Адмирал,3
881610,Динамо М,5,1,1,0,0,3,6,34,34,24,18,29,35,64.10,68.09,17:57,18:18,Куньлунь РС,3
881609,Нефтехимик,2,1,0,1,0,5,3,20,33,6,10,18,32,64.97,67.78,13:49,18:19,СКА,1
881608,Трактор,1,1,0,0,0,1,2,26,35,4,2,32,42,70.08,72.28,18:18,17:48,Металлург Мг,2
881607,Салават Юлаев,1,1,1,0,0,6,4,29,20,10,14,29,26,68.40,64.25,22:33,14:26,Сибирь,2
881606,Автомобилист,8,4,1,1,0,5,2,39,24,4,10,48,15,70.73,68.90,19:40,16:7,ХК Сочи,2
881605,Барыс,1,1,1,0,0,3,2,23,31,8,10,30,30,71.10,68.15,18:24,13:31,Амур,3
881604,Авангард,2,0,1,0,0,2,3,24,22,10,8,30,19,66.46,69.22,15:45,20:20,Ак Барс,1
881613,Спартак,2,1,1,0,0,4,4,29,28,8,8,26,34,67.58,67.46,14:5,17:30,Локомотив,1
881612,Витязь,3,0,0,0,0,4,2,28,46,4,8,29,35,71.52,72.45,16:51,19:50,ЦСКА,4
881617,Нефтехимик,1,1,0,0,0,6,2,32,34,4,12,34,23,65.13,64.75,18:1,15:7,Адмирал,0
881616,Трактор,3,1,1,0,0,2,3,37,25,6,4,34,30,67.93,70.18,17:48,16:41,Амур,2
881615,Барыс,4,2,0,1,0,4,4,23,31,8,8,30,27,66.09,71.74,13:33,22:23,Салават Юлаев,1
881614,Сибирь,4,2,1,0,0,4,4,21,33,10,10,15,35,65.35,68.59,12:47,18:38,Ак Барс,2
881622,Динамо Мн,1,0,0,0,0,4,1,30,26,4,10,46,18,67.10,64.85,21:16,13:13,Витязь,2
881621,ХК Сочи,1,1,3,0,0,3,7,20,32,14,6,20,39,63.93,65.76,15:0,19:49,Локомотив,4
881620,СКА,6,0,0,0,0,2,3,43,29,8,6,22,31,67.13,68.74,13:23,16:21,ЦСКА,2
881619,Торпедо,4,1,0,0,0,5,2,41,29,8,14,38,21,74.93,69.10,22:27,12:29,Куньлунь РС,1
881618,Северсталь,2,1,1,0,0,3,2,28,29,4,6,36,18,64.78,62.71,20:51,14:20,Динамо М,3
881627,Трактор,2,1,0,0,0,5,1,34,25,4,12,28,37,68.61,69.47,19:37,17:44,Автомобилист,3
881626,Металлург Мг,2,0,0,0,0,0,3,36,21,11,5,21,40,67.67,72.56,12:41,23:8,Салават Юлаев,1
881625,Барыс,1,1,1,0,0,6,2,27,30,6,14,35,16,69.33,65.75,16:47,16:53,Ак Барс,2
881624,Авангард,1,1,2,0,0,3,6,39,19,12,6,29,35,66.00,68.58,17:37,19:25,Спартак,3
881623,Сибирь,4,0,0,1,0,2,4,15,32,8,4,35,31,67.75,70.13,17:59,17:50,Амур,1
881631,Динамо Мн,4,3,0,0,0,8,2,36,28,8,35,33,32,63.68,62.07,21:5,14:9,Динамо М,3
881630,СКА,1,1,0,0,0,4,3,28,24,6,8,32,25,69.11,66.54,18:48,15:58,Локомотив,2
881629,Торпедо,0,0,1,0,1,4,3,25,31,10,12,33,31,73.84,66.51,21:29,13:37,ЦСКА,4
881628,Северсталь,3,1,0,0,0,4,2,29,22,4,8,36,24,63.66,63.53,21:14,15:56,Витязь,2
881635,Куньлунь РС,5,2,0,0,0,3,3,31,20,6,6,28,31,65.72,68.52,15:23,22:48,ХК Сочи,2
881634,Салават Юлаев,3,1,0,0,0,4,2,23,37,4,8,30,19,73.38,69.93,19:33,16:24,Автомобилист,2
881633,Барыс,1,0,1,0,0,2,7,31,27,14,4,27,30,66.93,70.49,12:56,19:55,Спартак,4
881632,Адмирал,4,1,0,0,0,2,2,28,26,4,4,37,42,69.38,72.23,15:25,18:22,Нефтехимик,3
881639,Торпедо,2,0,2,0,1,3,4,24,29,12,10,34,31,73.16,69.37,19:19,15:9,СКА,6
881638,Северсталь,1,0,0,0,0,4,1,14,35,2,31,30,22,66.75,64.63,22:30,14:26,Авангард,2
881637,Локомотив,3,1,0,0,0,3,2,33,18,4,6,30,24,67.03,68.82,17:53,17:9,Сибирь,0
881636,Адмирал,2,0,0,0,0,2,2,22,32,6,6,27,37,66.47,70.64,14:22,20:26,Нефтехимик,1
881642,Ак Барс,6,2,0,0,0,6,6,31,30,12,12,43,28,64.09,62.95,22:39,13:48,ХК Сочи,2
881641,Трактор,3,0,0,0,0,3,6,37,29,12,6,35,34,65.73,68.43,16:6,18:21,Спартак,5
881640,Салават Юлаев,1,0,0,0,0,1,2,21,26,4,2,20,24,69.70,69.54,19:46,16:44,Металлург Мг,3
881648,ЦСКА,6,1,1,1,0,3,3,38,17,20,20,52,14,66.97,64.17,19:24,13:46,Витязь,4
881647,Динамо М,2,0,3,0,0,5,4,27,28,10,12,20,20,64.66,59.22,18:45,16:19,Динамо Мн,6
881646,Северсталь,2,1,0,0,1,6,2,28,23,6,14,31,24,22.89,22.57,6:48,4:42,Сибирь,3
881645,Локомотив,3,0,0,0,0,0,2,28,22,4,0,26,20,4.09,4.65,0:37,1:30,Авангард,2
881644,Автомобилист,4,1,0,0,0,3,1,38,28,6,10,43,25,71.58,69.63,20:47,12:52,Барыс,3
881643,Амур,3,2,1,0,1,5,5,29,30,12,12,34,27,70.69,68.71,19:46,17:49,Нефтехимик,4
881650,СКА,5,0,1,0,0,2,3,40,21,6,4,57,20,69.06,66.06,21:40,12:45,ХК Сочи,2
881649,Куньлунь РС,1,0,1,0,0,2,5,27,21,12,6,32,33,68.78,69.77,17:9,20:3,Металлург Мг,6
881657,ЦСКА,2,1,1,0,0,4,2,33,38,4,8,42,30,69.68,65.73,18:19,15:5,Авангард,3
881656,Спартак,1,0,0,0,0,6,3,29,26,6,12,48,31,72.48,69.32,21:20,18:10,Динамо Мн,1
881655,Динамо М,3,1,0,0,0,3,2,33,21,4,6,40,23,69.61,68.98,18:39,15:2,Витязь,2
881654,Ак Барс,3,0,1,0,0,1,3,34,23,6,2,33,30,68.24,67.22,16:29,15:32,Сибирь,6
881653,Трактор,1,0,2,0,0,2,5,41,24,10,4,27,31,69.40,67.57,18:5,14:23,Барыс,4
881652,Амур,5,1,0,0,0,3,5,29,36,12,8,34,36,65.05,67.16,15:11,19:6,Нефтехимик,1
881651,Адмирал,1,0,0,0,0,1,1,23,23,2,2,28,29,67.72,74.02,12:36,21:31,Торпедо,2
881658,СКА,4,1,1,1,0,2,5,36,26,10,4,31,34,67.00,65.39,17:49,17:14,Северсталь,3
881665,ХК Сочи,1,0,0,0,0,5,1,22,24,2,10,27,23,66.98,66.28,17:20,17:1,Динамо Мн,2
881664,Куньлунь РС,1,0,2,0,0,1,6,34,25,16,6,25,33,68.80,70.81,13:46,22:44,Динамо М,5
881663,Ак Барс,3,1,2,0,0,3,5,29,28,10,6,24,29,62.85,65.33,15:33,19:1,Локомотив,2
881662,Салават Юлаев,6,0,1,0,0,4,2,29,33,6,10,31,21,70.61,69.02,16:59,18:2,Трактор,4
881661,Металлург Мг,2,0,0,0,0,3,1,25,26,2,6,28,33,68.15,69.35,15:45,18:25,ЦСКА,1
881660,Барыс,0,0,0,0,0,5,1,33,23,2,10,27,27,71.49,67.01,16:39,14:54,Автомобилист,2
881659,Амур,4,0,0,0,0,2,2,34,32,6,6,39,32,65.28,71.13,11:42,19:39,Торпедо,2
881666,Витязь,3,0,0,0,0,1,3,24,19,6,2,32,36,67.58,64.86,17:24,17:37,Северсталь,2
881675,ХК Сочи,2,1,0,0,0,2,1,20,29,4,6,28,35,67.11,69.27,15:1,15:49,ЦСКА,4
881674,Витязь,1,0,1,0,0,2,4,25,27,10,4,38,42,65.70,66.90,17:3,17:31,Спартак,4
881673,Нефтехимик,1,1,0,0,0,6,3,27,36,6,12,31,26,67.90,65.40,17:32,16:15,Локомотив,4
881672,Куньлунь РС,3,1,1,0,0,4,4,24,35,15,15,27,54,68.28,73.41,14:34,26:8,СКА,3
881671,Ак Барс,3,3,1,0,1,4,3,35,18,6,8,29,25,63.64,64.98,15:21,16:57,Динамо М,2
881670,Металлург Мг,1,0,0,0,0,3,3,36,17,6,29,28,24,69.62,66.23,20:40,15:5,Автомобилист,2
881669,Барыс,2,1,1,0,0,6,5,36,25,10,12,24,21,68.29,66.47,17:50,17:16,Салават Юлаев,1
881668,Авангард,5,3,1,0,0,4,4,30,22,8,8,18,24,64.89,67.29,18:23,17:58,Трактор,1
881667,Сибирь,3,0,1,0,0,3,3,28,29,6,6,38,26,68.24,72.31,16:55,17:3,Торпедо,2
881677,Динамо Мн,3,0,0,0,0,4,5,28,25,12,10,27,37,64.24,62.13,21:50,16:27,Северсталь,4
881676,Адмирал,0,0,0,0,1,3,2,24,35,4,6,37,33,68.76,68.43,17:36,15:41,Амур,2
881685,Спартак,2,0,0,0,0,1,2,23,33,4,2,31,31,69.78,67.85,14:31,17:38,Локомотив,3
881684,Динамо М,1,0,0,0,0,3,2,14,19,4,6,24,24,69.77,71.36,14:38,13:34,СКА,2
881683,Нефтехимик,3,1,0,0,0,3,3,29,34,6,6,36,24,68.35,69.87,16:24,18:52,ХК Сочи,2
881682,Куньлунь РС,1,1,0,0,0,6,3,26,30,8,13,38,28,67.41,65.50,19:30,15:35,Витязь,3
881681,Автомобилист,4,0,0,0,0,1,1,33,28,2,2,22,35,68.99,72.25,15:39,19:29,Металлург Мг,1
881680,Барыс,2,0,0,0,0,4,3,32,36,8,10,28,37,70.41,68.98,15:51,22:35,Ак Барс,2
881679,Авангард,1,1,0,0,0,4,1,42,26,4,8,33,23,69.57,67.18,20:49,14:12,Салават Юлаев,3
881678,Сибирь,2,1,1,0,0,4,2,29,20,4,8,28,23,68.26,66.03,18:10,16:25,Трактор,4
881695,ЦСКА,2,0,2,0,0,2,4,36,22,8,4,46,27,69.14,72.18,15:11,17:38,Торпедо,4
881686,Амур,3,0,1,0,0,6,2,24,31,4,12,40,32,70.73,66.53,20:31,13:48,Адмирал,2
881696,Динамо Мн,3,1,0,0,0,4,5,26,31,17,15,27,38,62.85,65.95,14:49,20:14,СКА,5
881694,Спартак,1,0,0,0,0,2,2,23,20,4,4,35,31,74.45,71.00,17:28,16:42,Динамо М,1
881693,Витязь,6,1,1,0,0,3,2,31,26,4,6,30,26,70.28,67.08,18:29,17:51,ХК Сочи,2
881692,Нефтехимик,3,0,2,0,0,2,3,20,35,6,4,40,31,66.54,67.54,15:56,19:40,Металлург Мг,2
881691,Локомотив,0,0,1,0,0,3,2,34,22,4,29,47,20,69.35,65.74,23:54,11:13,Куньлунь РС,1
881690,Автомобилист,2,0,0,0,0,1,2,20,21,4,2,21,36,67.19,70.44,16:23,21:20,Трактор,1
881689,Авангард,2,2,0,0,0,5,1,26,34,2,10,37,31,69.49,67.38,22:40,15:34,Ак Барс,3
881688,Сибирь,3,1,2,0,0,1,6,21,26,14,6,32,27,69.15,66.46,18:24,17:35,Салават Юлаев,6
881687,Амур,1,1,1,0,1,2,3,26,24,6,4,29,30,67.88,66.76,15:33,14:12,Адмирал,3
880773,Див. Харламова,8,0,0,0,0,0,0,13,9,0,0,31,29,Див. Чернышёва,5,,,,
880772,Див. Боброва,9,0,0,0,0,0,0,10,10,0,0,23,30,Див. Тарасова,7,,,,
880775,Див. Харламова,6,0,0,0,0,0,0,10,9,0,0,27,23,Див. Боброва,7,,,,
880774,Див. Чернышёва,10,0,0,0,0,0,0,13,12,0,0,32,24,Див. Тарасова,11,,,,
881706,Динамо Мн,1,0,2,0,0,1,6,34,32,35,4,21,42,65.75,69.02,16:4,17:55,ЦСКА,5
881705,СКА,4,1,1,0,0,3,4,30,43,10,8,38,32,65.95,66.51,17:39,16:30,Витязь,1
881704,Торпедо,3,0,0,0,0,3,4,36,25,10,8,35,34,71.97,65.42,18:58,15:48,Северсталь,2
881703,Нефтехимик,1,0,0,0,0,3,2,21,29,4,6,16,19,69.26,68.44,18:50,15:17,Барыс,3
881702,Локомотив,2,0,1,0,0,4,4,34,23,10,8,50,19,67.15,67.58,18:48,16:9,ХК Сочи,1
881701,Ак Барс,3,2,0,1,0,6,3,26,31,11,27,33,17,61.39,60.70,17:12,12:34,Куньлунь РС,1
881700,Трактор,3,1,1,0,0,2,3,36,22,6,4,31,35,67.32,70.84,14:38,20:41,Сибирь,2
881699,Салават Юлаев,1,1,0,0,0,3,2,21,32,4,6,25,33,74.66,73.42,21:16,18:37,Авангард,1
881698,Металлург Мг,3,0,0,0,0,3,1,35,20,2,6,33,26,73.22,71.56,19:4,16:34,Амур,1
881697,Автомобилист,2,1,0,0,0,3,2,27,29,4,6,31,32,68.77,66.92,18:28,15:19,Адмирал,3
881707,Динамо М,5,2,1,0,0,2,3,29,24,13,11,28,32,66.09,71.31,14:34,19:19,Спартак,2
881716,СКА,1,0,0,0,0,3,0,27,35,0,6,34,20,69.88,67.11,17:19,12:30,ЦСКА,2
881715,Торпедо,4,2,0,0,0,5,5,24,32,12,14,27,33,69.98,69.93,16:56,17:19,Витязь,0
881714,Северсталь,2,1,0,0,0,2,2,27,29,4,4,39,21,71.26,70.01,21:19,16:33,ХК Сочи,1
881713,Нефтехимик,2,0,0,1,0,5,2,21,29,14,20,32,21,73.42,70.85,23:25,17:11,Куньлунь РС,2
881712,Локомотив,2,0,0,0,0,3,1,34,19,2,6,24,15,69.11,69.25,17:59,15:45,Ак Барс,1
881711,Салават Юлаев,1,0,0,0,0,0,1,23,23,8,6,33,25,72.61,70.98,19:48,15:3,Амур,5
881710,Металлург Мг,3,0,0,0,0,4,3,26,26,6,8,30,28,67.65,65.69,19:46,16:1,Адмирал,2
881709,Автомобилист,0,0,0,0,1,3,3,31,21,10,10,31,19,69.84,67.83,17:39,17:14,Сибирь,4
881708,Барыс,1,0,0,0,0,3,2,33,29,4,6,26,29,69.21,67.54,17:14,16:2,Авангард,3
881717,Динамо М,2,0,0,0,0,3,5,24,28,32,8,23,36,65.49,68.06,14:27,20:50,Динамо Мн,0
881723,ХК Сочи,0,0,0,0,0,7,3,28,37,10,18,26,24,67.95,64.85,20:31,14:59,Куньлунь РС,3
881722,Витязь,3,0,2,0,0,2,5,25,37,10,4,23,32,66.27,68.56,13:8,20:2,Ак Барс,4
881721,Локомотив,3,0,0,0,0,3,2,27,20,4,6,26,21,68.47,70.42,14:55,16:2,ЦСКА,1
881720,Салават Юлаев,5,3,0,0,0,5,1,25,28,2,10,25,30,68.41,70.42,17:25,19:2,Адмирал,3
881719,Металлург Мг,2,0,0,0,0,5,2,37,24,9,15,36,27,68.20,66.97,20:59,18:3,Сибирь,2
881718,Авангард,3,1,0,0,0,2,0,35,21,2,6,34,24,70.09,71.99,17:7,17:3,Амур,1
881728,СКА,4,2,1,1,0,7,3,22,37,6,14,43,19,67.03,64.61,19:53,13:2,Спартак,2
881727,Динамо М,4,2,1,0,0,5,5,28,35,10,10,45,27,67.06,68.23,15:56,21:7,Трактор,3
881726,Торпедо,2,0,0,1,0,3,4,26,31,8,6,27,24,75.63,72.83,19:26,18:37,Нефтехимик,1
881725,Северсталь,4,2,0,0,0,4,4,26,37,10,10,25,37,59.61,65.01,14:24,22:58,Динамо Мн,0
881724,Барыс,4,2,1,0,0,5,1,35,28,2,10,34,28,76.26,72.88,17:43,17:41,Автомобилист,4
881729,ХК Сочи,3,1,1,0,0,4,3,21,35,6,8,30,35,68.29,68.06,18:54,19:4,Ак Барс,3
881737,Динамо Мн,4,0,0,0,0,0,3,26,24,6,0,22,36,69.11,70.42,17:39,15:36,Нефтехимик,7
881736,ЦСКА,1,0,1,0,0,1,3,21,35,6,2,23,27,68.96,67.37,15:16,16:31,Динамо М,2
881735,Северсталь,1,1,0,0,1,5,2,24,37,4,10,30,22,63.58,62.71,20:42,16:35,Витязь,4
881734,Локомотив,2,0,0,0,0,1,1,37,25,2,2,41,22,70.98,73.83,16:13,15:3,Спартак,1
881733,Куньлунь РС,3,0,1,1,1,5,6,27,37,16,14,32,40,68.34,71.64,14:53,19:3,Торпедо,7
881732,Салават Юлаев,3,0,0,0,0,2,3,27,17,6,4,21,32,67.98,69.75,14:59,20:19,Автомобилист,2
881731,Металлург Мг,4,1,2,0,0,3,4,36,21,8,8,32,34,73.98,73.80,19:11,20:38,Трактор,4
881730,Авангард,5,1,0,0,0,1,0,30,29,0,2,26,33,67.03,69.53,14:48,17:28,Барыс,2
881738,Амур,1,0,1,0,0,3,4,26,31,8,6,40,30,70.46,65.87,18:40,12:13,Адмирал,3
881747,Динамо Мн,2,0,1,0,0,3,3,33,25,12,12,36,24,68.85,70.65,17:29,18:6,Торпедо,3
881746,ЦСКА,3,0,0,0,0,2,2,35,32,4,4,28,36,67.64,67.67,13:20,15:58,СКА,1
881745,ХК Сочи,0,0,1,0,2,4,3,20,30,6,8,15,35,70.23,67.56,20:28,15:43,Нефтехимик,4
881744,Северсталь,4,0,0,1,0,3,2,20,44,4,6,33,31,71.34,69.80,20:19,15:17,Спартак,3
881743,Куньлунь РС,2,0,2,0,0,3,4,17,30,10,8,26,41,68.06,67.02,15:31,20:16,Локомотив,4
881742,Ак Барс,2,0,2,0,0,2,4,42,26,8,4,28,37,68.78,65.40,16:33,11:0,Металлург Мг,4
881741,Трактор,4,0,0,0,0,3,0,26,24,5,21,35,23,69.17,70.33,18:33,18:1,Салават Юлаев,2
881740,Авангард,5,0,0,0,0,1,3,30,20,6,2,16,35,68.12,71.23,15:40,16:49,Автомобилист,0
881739,Сибирь,1,0,1,0,0,3,3,19,23,6,6,29,23,69.59,65.52,19:20,13:54,Барыс,2
881748,Адмирал,2,0,0,0,0,3,3,24,33,6,6,32,29,66.71,70.02,15:14,18:30,Амур,0
881758,Динамо Мн,5,1,2,0,0,6,4,37,41,8,14,40,34,71.56,71.40,20:50,16:18,Спартак,5
881757,ЦСКА,2,0,0,0,0,5,3,27,28,6,10,42,26,69.05,65.33,19:14,14:28,Локомотив,1
881756,ХК Сочи,3,0,0,0,0,4,3,23,31,8,10,24,45,66.60,65.18,17:39,16:24,Динамо М,5
881755,Витязь,6,0,1,1,0,5,6,31,35,12,10,29,33,68.52,68.00,19:13,19:4,СКА,5
881754,Северсталь,3,2,1,0,0,5,2,31,24,4,10,35,26,69.59,72.38,15:21,17:7,Торпедо,2
881753,Ак Барс,3,0,0,0,1,3,2,29,22,4,6,24,16,66.59,68.10,17:31,16:50,Нефтехимик,1
881752,Трактор,5,1,1,0,0,2,2,25,31,6,6,32,29,70.06,70.71,18:47,17:55,Металлург Мг,2
881751,Авангард,2,0,0,0,0,1,2,39,25,4,2,35,24,71.95,73.31,19:58,18:20,Салават Юлаев,2
881750,Сибирь,0,0,0,0,0,4,4,19,45,8,8,34,22,71.67,70.32,20:15,18:53,Автомобилист,0
881749,Адмирал,3,1,1,0,0,6,3,40,31,8,14,44,18,65.63,62.68,21:20,12:12,Амур,5
881764,ЦСКА,3,0,0,0,0,1,2,33,29,4,2,21,31,70.71,69.01,16:13,16:17,Динамо М,2
881763,Витязь,2,1,1,0,0,4,1,20,29,2,8,42,27,70.62,68.81,20:31,14:29,Куньлунь РС,1
881762,Торпедо,5,0,0,0,0,2,0,30,21,2,6,50,25,74.58,68.07,23:9,13:11,ХК Сочи,2
881761,Автомобилист,1,0,2,0,0,3,5,32,22,10,8,30,25,66.43,64.65,19:5,17:3,Авангард,7
881760,Барыс,3,1,0,0,0,5,1,19,26,4,12,30,25,67.04,70.07,15:25,17:9,Металлург Мг,2
881759,Амур,1,0,0,0,0,4,1,24,30,6,12,34,27,72.05,67.62,17:44,13:38,Динамо Мн,4
881768,Нефтехимик,3,1,0,1,0,4,2,29,33,6,10,35,38,19:29,17:29,Спартак,2,,
881767,Ак Барс,2,1,1,0,0,3,3,30,31,8,8,32,28,66.15,67.15,17:33,19:24,Северсталь,1
881766,Трактор,3,0,2,1,0,2,4,31,30,8,4,27,31,69.41,70.87,17:52,17:7,СКА,9
881765,Салават Юлаев,2,2,1,0,0,4,2,22,26,4,8,16,27,67.34,66.68,16:45,17:4,Локомотив,1
881772,ЦСКА,2,0,0,0,0,1,2,35,16,4,2,50,17,68.37,66.96,19:3,13:22,ХК Сочи,0
881771,Сибирь,3,0,1,1,0,2,5,21,35,12,6,19,37,63.21,65.51,15:29,20:50,Авангард,1
881770,Амур,3,2,1,0,0,5,4,27,32,10,12,30,30,73.33,73.56,16:51,18:35,Барыс,3
881769,Адмирал,1,0,1,0,0,5,6,27,27,37,17,36,33,64.46,64.34,16:6,16:49,Динамо Мн,2
881780,Динамо М,2,1,0,0,0,5,4,28,25,10,10,36,30,71.17,73.30,17:7,18:18,Куньлунь РС,2
881779,Торпедо,5,1,0,0,0,4,2,29,30,4,31,38,33,73.49,68.63,22:38,13:53,Спартак,2
881778,Нефтехимик,4,0,1,0,0,2,5,32,35,10,6,28,38,4:30,6:40,Северсталь,3,,
881777,Ак Барс,2,1,0,0,0,2,2,20,16,4,4,25,26,65.41,69.27,12:49,16:0,Витязь,0
881776,Трактор,3,1,0,0,0,2,3,23,39,6,4,15,42,71.92,72.92,17:40,19:19,Автомобилист,3
881775,Салават Юлаев,5,1,0,1,0,7,4,33,29,12,18,26,27,65.29,68.23,17:14,19:1,СКА,1
881774,Металлург Мг,3,1,0,0,0,3,2,23,21,4,8,26,25,66.85,68.99,13:16,22:26,Локомотив,2
881773,Амур,1,1,0,0,0,7,5,25,31,10,14,21,37,65.37,65.62,15:3,16:40,Барыс,0
881781,Сибирь,3,1,0,0,1,7,3,34,25,10,18,26,29,70.83,67.82,21:34,18:24,Динамо Мн,2
881790,ХК Сочи,3,1,1,0,0,2,3,30,46,8,6,24,45,65.63,67.88,11:21,14:51,СКА,6
881789,Динамо М,1,1,0,0,0,2,2,28,17,8,8,33,20,68.47,71.94,14:18,17:48,Торпедо,3
881788,Северсталь,6,1,1,0,0,5,1,13,40,2,10,37,25,65.10,65.12,18:21,16:0,Куньлунь РС,5
881787,Нефтехимик,2,0,0,0,1,4,4,37,22,12,12,34,35,66.48,66.08,17:53,17:12,Витязь,5
881786,Локомотив,3,1,1,0,0,4,5,35,20,10,8,32,32,65.59,66.14,20:25,15:45,Спартак,5
881785,Трактор,1,1,1,0,0,3,2,24,27,4,6,24,39,68.90,69.31,16:32,15:35,ЦСКА,2
881784,Металлург Мг,0,0,0,0,0,4,3,27,25,6,8,28,32,68.29,65.03,20:53,14:31,Салават Юлаев,2
881783,Авангард,2,0,0,0,0,7,2,24,22,4,14,24,23,65.63,65.17,20:32,16:12,Автомобилист,1
881782,Адмирал,1,0,3,0,0,6,4,27,33,8,12,30,25,65.25,64.79,18:37,14:13,Барыс,5
881792,Сибирь,2,1,1,0,0,4,1,30,28,2,8,18,28,70.48,69.19,20:16,18:6,Ак Барс,2
881791,Адмирал,3,1,0,0,0,7,3,25,30,6,14,43,18,65.38,67.13,18:40,16:32,Барыс,0
881797,ХК Сочи,2,0,0,0,0,3,4,27,31,8,8,31,42,65.87,65.43,17:51,18:21,Витязь,3
881796,СКА,3,0,0,0,0,5,8,36,24,16,10,31,32,62.34,64.30,17:28,17:26,Спартак,2
881795,Динамо М,3,0,0,1,0,1,2,30,25,4,2,32,35,66.88,70.02,13:45,19:12,Салават Юлаев,2
881794,Северсталь,4,1,1,0,1,3,3,16,36,6,6,43,26,71.94,75.67,15:49,18:48,Торпедо,4
881793,Автомобилист,4,2,1,0,0,4,4,29,27,8,8,24,28,68.41,70.64,15:21,17:29,ЦСКА,2
881801,Динамо Мн,2,0,1,0,0,3,3,24,32,6,6,31,24,70.78,68.57,19:45,14:43,Куньлунь РС,6
881800,Нефтехимик,1,1,0,0,0,4,1,24,27,2,8,30,31,68.96,70.57,16:5,17:0,Амур,0
881799,Локомотив,0,0,1,0,0,3,3,34,11,6,6,33,17,68.97,65.31,23:11,12:54,Трактор,1
881798,Авангард,1,1,0,0,0,2,2,26,31,4,4,24,36,66.73,67.90,15:50,18:26,Ак Барс,2
881804,ХК Сочи,2,0,0,0,0,5,4,26,29,10,12,30,39,68.10,70.60,15:31,17:51,Торпедо,3
881803,Металлург Мг,1,1,0,0,0,2,2,38,21,4,4,34,31,71.29,71.28,19:51,18:4,Адмирал,1
881802,Барыс,2,0,2,1,1,6,4,28,32,8,12,31,36,72.04,69.59,17:6,14:13,ЦСКА,5
881809,Динамо Мн,1,0,0,0,0,3,2,34,22,4,6,30,27,73.83,71.95,22:8,15:16,Амур,1
881808,Спартак,2,1,0,1,0,4,2,28,31,6,10,35,28,67.85,64.82,16:4,16:40,Трактор,4
881807,СКА,2,1,0,0,0,1,1,22,19,4,4,28,37,69.03,70.04,13:41,17:58,Динамо М,0
881806,Локомотив,6,1,1,0,0,5,6,42,15,12,10,25,29,63.04,65.49,17:4,18:4,Северсталь,2
881805,Куньлунь РС,4,0,0,1,0,4,5,30,26,10,8,33,38,67.83,70.39,15:46,19:40,Витязь,0
881813,ХК Сочи,3,1,0,0,0,2,2,22,38,6,6,26,38,66.96,68.20,15:10,18:35,Металлург Мг,2
881812,Ак Барс,3,1,1,0,0,3,2,30,24,4,6,30,31,68.23,68.10,18:10,17:4,Сибирь,4
881811,Салават Юлаев,2,0,0,0,0,2,0,27,25,0,4,32,25,71.37,67.54,20:5,14:42,Адмирал,0
881810,Барыс,3,2,2,0,0,6,3,36,18,8,15,28,22,69.12,65.65,17:39,15:2,Нефтехимик,5
881819,Динамо Мн,3,2,0,0,0,6,3,32,34,8,14,40,29,70.53,68.92,17:20,12:17,Автомобилист,2
881818,ЦСКА,4,1,0,0,0,2,3,32,22,6,4,31,39,65.33,66.24,13:37,19:26,Северсталь,2
881817,Спартак,3,0,1,0,0,3,3,41,31,6,6,42,32,66.94,66.88,15:50,15:31,Куньлунь РС,2
881816,СКА,3,1,0,0,0,7,4,31,23,8,14,46,25,67.08,64.87,20:34,14:37,Амур,1
881815,Витязь,3,1,0,0,0,2,3,34,32,13,11,38,40,71.28,70.88,19:10,19:6,Трактор,3
881814,Локомотив,0,0,0,0,0,2,1,18,12,2,4,22,21,71.78,68.64,19:49,13:37,Динамо М,2
881823,Ак Барс,1,0,1,0,0,1,4,20,25,8,2,28,25,73.85,68.95,21:25,15:1,Адмирал,1
881822,Салават Юлаев,2,1,0,0,0,4,2,25,28,6,10,24,30,66.06,68.96,21:22,15:37,Металлург Мг,3
881821,Барыс,1,0,0,0,0,2,2,32,23,4,6,29,26,71.05,68.36,17:36,15:8,Сибирь,2
881820,Авангард,3,1,0,0,0,4,4,33,23,10,12,22,30,67.57,70.86,18:0,19:1,Нефтехимик,0
881828,Динамо Мн,2,0,0,0,0,2,4,29,20,8,4,26,20,65.80,68.50,15:8,19:49,Северсталь,0
881827,ЦСКА,4,0,1,0,0,1,5,32,38,10,2,25,34,66.38,70.71,12:43,18:38,СКА,2
881826,Спартак,4,1,2,0,0,4,2,27,31,6,10,28,35,73.18,68.30,18:16,15:35,Автомобилист,7
881825,Торпедо,4,1,1,0,0,4,1,37,27,10,12,32,28,73.06,65.98,19:30,11:56,Динамо М,6
881824,Куньлунь РС,0,0,1,0,0,2,4,23,19,8,4,17,34,68.50,67.52,16:1,21:18,Локомотив,3
881833,Витязь,3,1,1,0,0,2,3,28,32,10,8,39,42,69.14,70.15,16:39,17:57,ХК Сочи,2
881832,Ак Барс,2,0,0,0,0,5,3,29,19,11,15,28,22,65.05,64.83,16:38,16:8,Салават Юлаев,1
881831,Авангард,4,0,0,0,0,2,0,29,24,0,4,28,30,69.91,68.14,19:33,15:47,Металлург Мг,3
881830,Сибирь,4,1,0,0,0,3,2,23,21,6,8,34,20,67.19,68.82,17:47,16:27,Нефтехимик,1
881829,Амур,3,1,1,0,0,6,4,35,26,8,12,32,27,69.21,66.50,14:21,14:14,Адмирал,1
881837,Динамо М,3,0,0,0,0,3,0,25,30,2,8,31,24,71.32,69.49,18:29,14:38,Автомобилист,0
881836,Торпедо,3,0,0,0,0,3,2,26,29,4,6,22,35,76.60,71.90,19:24,17:7,Локомотив,2
881835,Северсталь,1,1,1,0,0,5,2,29,30,4,10,27,42,65.51,65.85,20:21,18:47,СКА,1
881834,Трактор,2,0,1,0,0,4,3,31,34,6,8,30,28,69.43,69.03,20:52,15:39,Барыс,3
881841,Нефтехимик,5,1,0,0,0,4,3,22,29,6,8,26,34,64.45,66.29,14:48,19:38,Салават Юлаев,2
881840,Куньлунь РС,5,1,0,1,0,1,7,29,25,37,2,38,38,66.94,72.12,14:24,21:49,ХК Сочи,1
881839,Ак Барс,2,0,0,0,0,1,2,22,25,6,4,28,25,68.04,67.62,17:55,17:14,Авангард,0
881838,Сибирь,4,0,0,0,1,4,2,22,27,4,8,37,30,66.06,67.56,17:17,18:34,Металлург Мг,2
881845,Динамо М,1,0,1,0,0,4,3,30,28,8,10,34,28,73.66,73.27,19:45,17:40,ЦСКА,1
881844,Торпедо,2,0,0,1,0,3,1,24,38,4,8,26,33,73.28,68.36,18:11,15:5,СКА,6
881843,Автомобилист,3,1,2,0,1,3,3,25,24,10,10,29,19,69.27,66.16,20:22,13:12,Барыс,5
881842,Адмирал,0,0,0,0,0,1,1,33,24,2,2,40,27,70.50,69.67,16:52,15:50,Амур,1
881850,Спартак,2,1,0,0,0,7,2,24,30,4,14,43,26,66.90,62.19,21:24,12:45,ХК Сочи,0
881849,Северсталь,2,1,1,0,0,6,3,26,25,10,16,33,35,63.57,63.82,18:9,17:39,Динамо Мн,1
881848,Нефтехимик,2,0,1,0,0,3,3,31,30,8,8,31,26,66.09,65.52,16:28,19:10,Авангард,1
881847,Локомотив,3,1,1,0,0,3,2,26,24,4,6,21,28,68.12,69.19,20:5,17:24,Салават Юлаев,2
881846,Куньлунь РС,0,0,0,0,0,2,7,30,27,49,6,33,25,66.57,69.24,16:19,20:2,Витязь,1
881854,Торпедо,3,0,0,0,1,5,3,28,24,6,10,23,44,71.33,68.02,19:10,13:41,ЦСКА,1
881853,Трактор,1,0,1,0,0,2,3,35,20,6,8,32,34,71.14,68.59,19:27,15:59,Ак Барс,4
881852,Металлург Мг,2,0,0,0,0,3,2,22,28,4,6,27,21,72.98,70.84,20:0,16:18,Барыс,1
881851,Сибирь,4,0,2,0,0,4,6,41,29,12,8,35,28,65.99,66.69,18:52,16:16,Амур,6
881856,Спартак,4,1,0,0,0,4,2,25,33,18,12,25,34,66.66,68.83,13:32,20:48,Динамо Мн,3
881855,Локомотив,3,0,1,0,0,2,2,31,21,4,4,26,18,67.90,69.68,19:26,15:16,Витязь,1
881862,СКА,3,2,0,0,0,4,2,35,23,6,10,34,29,65.39,65.43,17:29,15:8,ЦСКА,1
881861,Нефтехимик,1,0,0,0,0,5,1,29,28,2,10,37,33,73.83,70.70,21:4,17:10,Амур,1
881860,Салават Юлаев,2,1,1,0,0,5,1,26,30,8,16,36,22,71.59,68.28,21:58,17:38,Ак Барс,1
881859,Автомобилист,3,0,1,0,0,1,6,28,30,17,11,20,33,65.30,68.38,14:7,20:38,Динамо М,1
881858,Барыс,0,0,0,0,0,0,2,25,23,6,2,26,36,70.85,72.27,16:30,22:1,Северсталь,0
881857,Авангард,2,0,0,0,0,1,2,36,34,4,2,25,36,65.19,65.08,16:58,17:26,Трактор,4
881866,ХК Сочи,2,1,0,1,0,3,3,24,30,8,8,36,36,65.57,66.62,16:9,18:14,Витязь,5
881865,Спартак,0,0,1,0,0,1,2,24,22,4,2,34,34,70.61,74.06,13:42,18:23,Торпедо,4
881864,Куньлунь РС,1,0,1,0,1,3,3,30,32,11,11,30,42,68.62,69.76,14:35,20:36,Динамо Мн,5
881863,Адмирал,2,0,1,0,0,2,4,24,36,8,4,36,28,71.27,73.05,15:20,18:36,Сибирь,2
881874,ЦСКА,3,0,0,1,0,2,2,31,21,4,4,33,18,69.18,68.53,19:35,14:51,Амур,1
881873,ХК Сочи,0,0,0,0,0,5,0,19,31,2,12,32,30,66.75,63.99,19:55,15:16,Витязь,2
881872,Локомотив,1,0,0,0,0,4,2,42,18,6,11,32,20,66.10,67.12,18:20,16:3,СКА,0
881871,Салават Юлаев,4,1,0,0,0,2,4,33,26,8,4,33,32,66.24,66.96,16:8,18:3,Северсталь,1
881870,Металлург Мг,2,0,0,1,1,2,3,26,27,6,4,30,36,69.02,67.71,16:5,18:50,Ак Барс,3
881869,Автомобилист,1,0,0,0,0,2,3,31,22,8,6,28,14,69.25,70.02,19:23,17:7,Нефтехимик,2
881868,Барыс,4,2,1,0,0,2,3,28,27,6,4,24,43,67.28,70.69,11:28,22:8,Трактор,3
881867,Авангард,3,0,0,0,1,4,4,41,27,10,10,26,35,66.81,66.55,19:13,17:41,Динамо М,2
881877,Динамо Мн,2,0,0,0,0,3,5,28,36,12,8,24,48,70.37,75.12,17:48,21:41,Торпедо,2
881876,Куньлунь РС,3,1,1,0,0,4,6,42,27,20,16,35,46,68.36,71.24,16:8,20:40,Спартак,2
881875,Адмирал,5,0,2,0,0,4,3,37,21,6,8,31,31,68.21,66.96,18:9,17:40,Сибирь,4
881883,ЦСКА,1,0,0,0,0,2,2,33,22,4,4,29,20,68.58,66.58,15:45,16:33,Северсталь,4
881882,Витязь,1,0,0,0,0,3,1,22,34,2,6,30,31,74.99,72.62,21:23,17:25,Металлург Мг,1
881881,Локомотив,0,0,0,0,0,0,0,21,13,0,0,22,23,73.95,69.94,23:14,12:24,Автомобилист,1
881880,Ак Барс,6,3,0,0,0,4,4,25,26,8,8,32,24,67.11,67.58,18:53,17:22,Трактор,0
881879,Салават Юлаев,3,1,0,0,1,3,3,33,25,6,6,25,20,70.73,69.76,18:53,16:31,Нефтехимик,2
881878,Барыс,1,0,0,0,0,2,1,24,25,9,11,20,21,70.49,71.85,16:11,19:25,Динамо М,2
881887,Динамо Мн,3,1,0,0,0,3,3,27,33,8,8,30,29,67.15,66.88,21:1,14:49,Куньлунь РС,2
881886,СКА,1,0,0,1,0,6,6,27,21,12,12,32,38,70.25,73.26,19:58,19:50,Торпедо,1
881885,Амур,1,0,0,0,0,4,2,31,27,4,8,28,39,70.72,68.42,16:0,17:53,Сибирь,2
881884,Адмирал,2,0,0,0,0,2,2,21,30,4,4,35,30,66.04,68.97,13:29,21:2,Авангард,1
881891,Спартак,3,1,1,0,0,2,3,23,32,50,6,45,32,69.10,67.22,17:29,15:4,ХК Сочи,4
881890,Северсталь,4,1,1,0,0,4,3,30,27,6,8,26,35,66.30,67.97,19:6,16:12,Металлург Мг,1
881889,Нефтехимик,4,0,1,0,0,5,4,25,28,10,22,29,38,72.29,70.27,20:25,19:12,Автомобилист,3
881888,Трактор,2,1,0,0,0,2,1,25,27,2,4,20,33,68.48,70.24,15:6,18:43,Динамо М,1
881897,ЦСКА,7,1,1,0,0,5,4,33,28,12,14,41,17,70.04,68.86,18:51,14:53,Куньлунь РС,4
881896,СКА,1,1,0,0,0,5,4,30,27,16,18,44,16,65.05,60.99,17:29,15:5,Локомотив,2
881895,Торпедо,5,4,0,0,0,4,5,25,34,19,17,15,29,68.60,70.93,14:45,21:40,Салават Юлаев,1
881894,Ак Барс,2,0,0,1,0,2,1,31,18,2,4,26,14,70.80,69.16,19:1,14:8,Барыс,1
881893,Амур,3,0,0,0,0,6,6,32,25,14,14,23,27,63.95,63.97,16:50,18:45,Сибирь,0
881892,Адмирал,2,1,1,0,0,3,2,23,40,11,13,29,37,65.56,68.89,15:52,22:46,Авангард,2
881899,Динамо Мн,4,0,2,0,0,5,4,29,43,12,14,34,27,64.95,64.44,19:8,15:37,Металлург Мг,2
881898,Витязь,5,2,0,0,0,6,3,27,24,6,12,29,25,67.94,66.71,21:5,16:15,ХК Сочи,1
881906,ЦСКА,4,0,1,1,0,1,3,25,28,6,2,20,19,69.08,72.26,12:49,19:50,Салават Юлаев,2
881905,Спартак,2,0,1,0,0,3,6,31,29,15,8,41,26,67.81,66.99,14:33,16:55,Нефтехимик,3
881904,СКА,7,1,1,0,0,3,2,30,34,8,8,32,29,67.93,65.77,16:26,15:39,Ак Барс,4
881903,Динамо М,3,1,0,0,0,3,2,26,21,4,6,25,20,67.82,69.16,16:5,16:9,Барыс,2
881902,Северсталь,3,2,0,0,0,5,2,22,24,4,10,21,25,62.64,64.30,15:19,19:3,Локомотив,0
881901,Автомобилист,1,1,0,0,0,3,1,29,30,2,6,40,17,69.75,66.78,19:53,15:1,Трактор,2
881900,Амур,2,0,1,0,0,3,5,33,34,10,6,41,36,71.03,71.47,17:43,19:30,Авангард,2
881908,Торпедо,3,1,1,0,0,4,1,29,31,7,13,31,24,74.97,70.30,19:59,14:17,Динамо Мн,2
881907,Амур,3,0,0,0,0,3,1,22,36,4,6,21,32,69.21,68.94,15:12,14:18,Авангард,2
881914,ЦСКА,5,2,0,0,0,4,0,35,21,0,8,34,25,70.20,67.45,20:54,12:27,Барыс,6
881913,Витязь,1,0,0,0,0,2,3,30,23,10,8,46,26,68.11,70.82,15:52,19:13,Нефтехимик,0
881912,Локомотив,4,1,0,0,0,2,2,30,18,4,4,25,18,67.86,67.16,19:37,13:38,ХК Сочи,0
881911,Куньлунь РС,1,0,2,0,0,3,4,20,33,8,6,17,48,69.15,68.32,15:36,21:11,Ак Барс,5
881910,Металлург Мг,3,0,0,0,0,0,1,19,35,2,0,25,28,72.10,70.75,16:18,18:36,Трактор,2
881909,Сибирь,2,1,1,0,0,3,1,27,31,2,6,31,28,71.55,66.63,23:59,14:6,Адмирал,1
881924,Динамо Мн,3,0,0,0,0,3,4,43,26,19,17,33,30,66.65,66.53,18:9,12:46,Спартак,1
881923,Динамо М,4,1,0,0,0,5,5,34,24,10,12,33,25,65.12,66.52,18:4,17:44,ХК Сочи,1
881922,Торпедо,1,0,0,0,0,3,3,27,24,15,15,34,24,74.51,65.34,23:20,12:7,Адмирал,3
881921,Северсталь,2,1,0,0,0,1,0,19,40,0,2,45,32,71.57,68.22,19:13,11:27,Куньлунь РС,3
881920,Нефтехимик,3,0,3,1,0,1,4,25,27,10,4,33,30,67.74,67.19,15:8,20:33,Ак Барс,4
881919,Локомотив,2,0,1,0,0,3,3,31,17,6,6,26,31,73.54,73.44,20:10,18:7,Амур,1
881918,Салават Юлаев,2,0,0,0,0,0,3,26,20,6,0,27,33,70.10,73.34,14:1,17:21,ЦСКА,1
881917,Металлург Мг,3,1,0,0,0,4,3,29,39,6,8,28,28,67.60,70.35,14:30,18:34,СКА,2
881916,Автомобилист,3,1,0,0,0,3,1,34,19,4,8,30,25,70.46,71.66,17:41,16:55,Витязь,0
881915,Сибирь,4,1,1,0,0,4,5,45,30,12,8,42,33,69.59,67.25,21:5,18:41,Трактор,4
881933,ХК Сочи,2,0,3,0,0,2,4,27,36,8,4,39,38,68.85,66.11,20:7,14:1,Спартак,3
881932,Северсталь,3,1,1,0,0,4,4,30,23,8,8,41,26,71.12,73.59,20:52,16:35,Торпедо,3
881931,Нефтехимик,2,0,1,0,0,2,3,19,22,8,6,25,26,68.22,68.17,17:50,15:46,Адмирал,1
881930,Ак Барс,4,0,0,0,0,1,2,30,21,4,2,22,22,67.85,69.20,19:37,13:9,Амур,2
881929,Трактор,4,1,1,1,0,3,3,21,29,6,6,24,24,67.85,70.88,15:7,20:35,Динамо Мн,3
881928,Салават Юлаев,3,0,1,0,0,3,2,27,23,4,6,29,18,73.19,70.24,22:55,14:33,Куньлунь РС,2
881927,Металлург Мг,4,1,1,0,0,1,1,27,40,2,2,40,42,71.03,70.41,16:27,16:19,Витязь,5
881926,Автомобилист,2,0,2,1,0,1,4,22,30,8,2,34,33,67.91,71.80,15:55,18:9,СКА,5
881925,Авангард,1,0,0,0,0,0,5,35,30,10,0,20,41,66.06,69.92,12:55,19:28,ЦСКА,2
881934,Локомотив,3,1,0,0,0,3,1,26,15,2,6,36,23,69.62,68.38,19:51,13:27,Динамо М,0
881941,ХК Сочи,7,0,1,1,0,3,3,31,33,8,8,34,26,67.75,68.17,18:51,16:24,Куньлунь РС,2
881940,Торпедо,4,1,0,0,0,3,6,30,28,18,12,39,30,70.10,67.61,20:8,14:44,Спартак,3
881939,Северсталь,3,3,1,0,0,6,3,37,26,6,12,40,21,70.54,68.11,23:39,16:31,Амур,3
881938,Трактор,2,1,0,0,0,2,1,29,23,4,6,24,25,75.94,70.48,23:54,13:8,Адмирал,3
881937,Салават Юлаев,4,1,0,1,0,3,3,22,22,6,6,29,17,70.21,69.81,21:25,15:31,Витязь,0
881936,Автомобилист,5,2,1,0,0,5,3,27,30,6,10,39,25,66.34,68.98,14:18,19:31,Динамо Мн,3
881935,Авангард,5,1,2,0,0,4,5,42,32,10,8,20,37,66.05,68.24,15:18,19:3,СКА,4
881943,Динамо М,2,0,0,0,0,1,2,26,26,4,2,22,36,72.80,74.07,16:10,19:30,ЦСКА,2
881942,Сибирь,1,0,2,0,0,3,4,29,15,10,8,30,16,68.34,65.38,23:22,12:56,Металлург Мг,4
882000,Барыс,4,1,0,0,0,3,0,28,31,4,10,31,32,70.86,69.80,15:35,15:41,СКА,6
881947,ХК Сочи,1,1,2,0,0,2,2,17,36,4,4,15,35,67.51,69.79,15:34,18:36,Салават Юлаев,4
881946,Северсталь,0,0,0,0,0,2,3,24,37,6,4,26,37,67.28,69.83,15:51,21:56,Локомотив,0
881945,Нефтехимик,4,1,1,0,0,2,2,28,25,6,6,36,23,68.78,69.67,17:35,18:1,Витязь,2
881944,Авангард,4,1,0,0,0,6,3,44,21,6,12,26,31,64.65,66.26,17:15,19:44,Динамо Мн,2
881951,Спартак,2,1,2,0,0,3,5,20,39,10,6,28,30,67.95,66.87,17:36,15:35,Динамо М,3
881950,Торпедо,5,1,2,0,0,4,4,33,28,8,8,35,45,74.13,71.33,20:8,19:19,Сибирь,4
881949,Амур,3,0,0,0,0,3,1,33,23,2,6,30,29,69.09,67.09,15:40,15:55,Автомобилист,2
881948,Адмирал,2,0,0,0,1,4,3,24,31,6,8,27,29,68.74,66.47,17:31,17:26,Ак Барс,3
881955,ЦСКА,1,0,1,0,0,3,3,26,24,27,6,30,32,67.26,65.60,16:25,16:35,Локомотив,4
881954,Металлург Мг,2,2,0,0,0,5,1,27,19,2,10,44,28,70.59,65.94,23:31,14:4,Нефтехимик,4
881953,Барыс,2,1,2,0,0,2,4,29,28,8,4,32,28,68.81,66.74,15:7,17:35,Динамо Мн,5
881952,Авангард,1,0,0,0,0,1,2,35,20,4,2,27,42,67.45,67.80,17:32,17:15,Салават Юлаев,3
881961,Спартак,2,0,0,1,0,2,4,19,43,8,4,24,38,64.60,69.04,12:53,19:17,Динамо М,1
881960,СКА,1,1,0,0,0,4,6,34,26,12,8,31,27,66.74,67.80,16:59,18:7,Сибирь,0
881959,Витязь,5,1,0,0,0,6,3,31,27,6,12,28,25,68.58,65.23,25:30,12:2,Куньлунь РС,1
881958,Трактор,5,0,0,0,0,1,3,28,28,6,2,36,36,67.56,68.03,18:22,17:2,ХК Сочи,0
881957,Амур,2,0,0,0,0,4,1,33,30,2,8,35,35,69.59,64.85,18:52,14:8,Автомобилист,4
881956,Адмирал,0,0,2,0,0,3,3,28,28,8,6,31,28,66.08,65.88,15:15,18:24,Ак Барс,3
881962,Авангард,2,0,0,0,0,2,2,42,17,4,4,32,19,67.99,64.48,20:5,14:57,Нефтехимик,1
881971,Динамо Мн,2,1,1,0,1,7,4,28,19,8,14,41,25,69.61,69.59,20:27,14:8,Торпедо,4
881970,Спартак,1,0,0,0,0,6,4,24,29,8,12,31,27,65.32,63.99,15:58,15:25,Северсталь,3
881969,Витязь,3,0,1,0,0,2,3,28,24,6,4,20,46,64.94,66.41,14:15,20:48,Динамо М,1
881968,Локомотив,1,0,1,0,0,2,5,34,24,10,4,29,30,70.28,72.51,17:48,18:36,ЦСКА,2
881967,Куньлунь РС,1,0,1,0,0,2,6,26,27,12,4,23,37,67.21,70.15,16:9,21:14,Барыс,2
881966,Салават Юлаев,1,1,0,0,0,6,3,32,22,6,12,29,29,71.19,65.65,24:34,16:29,Сибирь,1
881965,Металлург Мг,4,1,0,0,0,3,3,34,18,6,6,40,22,69.99,67.96,18:51,15:43,ХК Сочи,2
881964,Амур,3,1,0,0,0,7,1,39,28,2,14,38,31,69.37,63.09,19:15,12:35,Ак Барс,4
881963,Адмирал,3,1,1,0,0,5,3,32,40,8,12,37,35,60.84,64.61,14:54,21:13,Автомобилист,1
881974,СКА,4,0,0,2,0,2,5,29,34,10,4,26,28,63.48,64.77,16:2,18:30,Трактор,1
881973,Амур,0,0,2,0,0,4,7,33,24,44,19,39,39,66.76,64.41,16:6,15:14,Ак Барс,4
881972,Адмирал,1,0,1,0,0,4,4,21,41,8,8,31,35,64.62,63.81,16:52,17:3,Автомобилист,4
881979,ЦСКА,8,0,0,0,0,3,2,42,22,4,6,35,20,70.23,72.18,18:16,14:59,Торпедо,3
881978,Спартак,4,0,0,1,0,2,2,27,32,4,4,31,31,69.19,70.47,16:36,17:43,Металлург Мг,2
881977,Витязь,2,0,1,0,0,1,2,26,18,25,2,28,23,68.10,67.19,17:53,17:33,Северсталь,3
881976,Нефтехимик,1,0,1,0,0,6,3,32,33,6,15,62,25,65.75,60.85,23:29,12:34,ХК Сочи,3
881975,Авангард,4,2,0,1,0,5,1,35,33,2,10,29,21,65.22,68.17,17:10,17:27,Барыс,3
881981,Динамо Мн,2,1,0,0,0,5,1,31,25,2,11,48,26,72.25,69.17,23:16,16:14,Трактор,2
881980,СКА,7,0,1,0,0,2,1,28,24,2,4,38,19,71.33,67.24,22:56,11:9,Куньлунь РС,2
881988,Спартак,1,1,0,0,2,3,2,37,38,4,6,38,46,69.49,68.68,14:19,18:2,ЦСКА,7
881987,Динамо М,4,1,1,0,0,1,3,35,27,6,2,37,24,69.08,71.15,17:55,16:39,Витязь,1
881986,Торпедо,2,1,0,0,1,2,3,29,26,6,6,27,30,71.78,68.43,16:23,16:26,Северсталь,3
881985,Нефтехимик,4,3,0,0,0,6,4,28,36,19,21,42,37,61.68,62.48,19:35,16:11,Металлург Мг,3
881984,Автомобилист,1,0,0,0,0,2,0,26,23,0,4,34,24,72.43,70.14,22:16,14:51,Салават Юлаев,3
881983,Авангард,4,0,2,0,0,4,2,35,32,4,8,36,28,67.50,64.77,18:24,14:28,Локомотив,3
881982,Сибирь,4,1,1,0,0,2,4,24,26,8,4,23,23,67.92,69.93,17:40,17:9,Барыс,2
881990,ХК Сочи,5,1,2,0,0,1,4,24,44,8,2,26,56,65.78,70.55,12:29,20:53,СКА,6
881989,Адмирал,2,0,0,0,0,3,3,31,23,6,6,25,38,62.92,67.40,16:24,18:25,Амур,0
881998,ЦСКА,5,0,2,0,0,4,3,33,33,10,12,32,25,70.14,66.34,20:22,13:45,Динамо М,4
881997,ХК Сочи,4,1,1,0,0,2,5,31,27,10,4,21,41,61.91,68.75,9:50,23:8,Северсталь,3
881996,Нефтехимик,7,1,0,0,0,5,1,33,30,2,10,39,24,67.95,67.92,19:21,15:27,Куньлунь РС,0
881995,Ак Барс,3,0,1,0,0,2,2,29,32,11,11,34,29,67.87,67.13,18:33,12:40,Металлург Мг,6
881994,Автомобилист,1,1,1,0,0,2,5,32,27,10,4,23,27,69.46,70.54,15:54,19:55,Трактор,5
881993,Барыс,3,1,0,0,0,3,2,22,27,4,6,23,25,67.50,66.59,13:0,18:20,Локомотив,5
881992,Авангард,4,0,0,0,1,4,2,37,24,4,8,26,27,67.14,72.84,14:28,19:1,Торпедо,3
881991,Сибирь,1,0,1,0,0,5,2,32,29,6,12,31,18,70.12,65.21,21:33,13:16,Салават Юлаев,3
882001,Витязь,1,0,0,0,0,4,2,17,46,4,8,30,41,69.61,65.38,18:18,16:31,Динамо Мн,2
881999,Амур,3,0,0,0,1,3,0,30,26,0,6,34,31,69.44,66.53,17:27,14:8,Адмирал,2
882008,ХК Сочи,5,0,0,0,0,5,4,30,38,15,17,46,23,66.43,66.16,20:46,15:13,Куньлунь РС,3
882007,Динамо М,4,1,0,0,0,3,2,27,27,27,27,33,36,69.49,43.91,22:1,9:15,Спартак,2
882006,Северсталь,6,2,0,0,1,5,2,28,28,6,12,26,27,66.55,67.88,17:2,18:10,ЦСКА,4
882005,Ак Барс,3,0,0,0,0,2,2,32,21,6,19,38,32,70.08,67.57,23:2,13:15,Авангард,2
882004,Трактор,6,2,0,0,0,3,2,32,28,4,6,24,35,72.43,75.94,15:30,16:51,Торпедо,2
882003,Металлург Мг,1,0,0,0,0,3,3,25,28,6,6,37,38,68.90,70.96,15:16,25:4,Салават Юлаев,1
882002,Сибирь,0,0,0,0,1,4,3,15,29,8,10,26,29,66.76,64.98,18:55,19:7,Автомобилист,2
